,image,char,font
0,ant+hill_90.jpg_0,v,Ubuntu Mono
1,ant+hill_90.jpg_0,i,Ubuntu Mono
2,ant+hill_90.jpg_0,a,Skylark
3,ant+hill_90.jpg_0,g,Wanted M54
4,ant+hill_90.jpg_0,e,VertigoFLF
5,ant+hill_90.jpg_0,t,Flower Rose Brush
6,ant+hill_90.jpg_0,t,Ubuntu Mono
7,ant+hill_90.jpg_0,h,Skylark
8,ant+hill_90.jpg_0,e,VertigoFLF
9,ant+hill_90.jpg_0,A,Skylark
10,ant+hill_90.jpg_0,p,VertigoFLF
11,ant+hill_90.jpg_0,r,Wanted M54
12,ant+hill_90.jpg_0,t,Skylark
13,ant+hill_90.jpg_0,h,Flower Rose Brush
14,ant+hill_90.jpg_0,a,Wanted M54
15,ant+hill_90.jpg_0,t,Skylark
16,ant+hill_90.jpg_0,a,VertigoFLF
17,ant+hill_90.jpg_0,n,Sweet Puppy
18,ant+hill_90.jpg_0,d,Sweet Puppy
19,ant+hill_90.jpg_0,I,Wanted M54
20,ant+hill_90.jpg_0,n,Flower Rose Brush
21,ant+hill_90.jpg_0,t,always forever
22,ant+hill_90.jpg_0,e,Wanted M54
23,ant+hill_90.jpg_0,r,Skylark
24,ant+hill_90.jpg_0,n,always forever
25,ant+hill_90.jpg_0,e,Sweet Puppy
26,ant+hill_90.jpg_0,t,always forever
27,ant+hill_90.jpg_0,B,always forever
28,ant+hill_90.jpg_0,e,Wanted M54
29,ant+hill_90.jpg_0,l,VertigoFLF
30,ant+hill_90.jpg_0,l,Wanted M54
31,aquarium_109.jpg_0,h,Ubuntu Mono
32,aquarium_109.jpg_0,a,VertigoFLF
33,aquarium_109.jpg_0,v,Ubuntu Mono
34,aquarium_109.jpg_0,e,always forever
35,aquarium_109.jpg_0,o,Sweet Puppy
36,aquarium_109.jpg_0,n,Flower Rose Brush
37,aquarium_109.jpg_0,e,always forever
38,aquarium_109.jpg_0,F,Sweet Puppy
39,aquarium_109.jpg_0,a,Skylark
40,aquarium_109.jpg_0,u,Skylark
41,aquarium_109.jpg_0,l,Ubuntu Mono
42,aquarium_109.jpg_0,t,VertigoFLF
43,aquarium_109.jpg_0,n,VertigoFLF
44,aquarium_109.jpg_0,e,Skylark
45,aquarium_109.jpg_0,w,VertigoFLF
46,aquarium_109.jpg_0,s,Flower Rose Brush
47,aquarium_109.jpg_0,p,Ubuntu Mono
48,aquarium_109.jpg_0,a,Flower Rose Brush
49,aquarium_109.jpg_0,p,Skylark
50,aquarium_109.jpg_0,e,Flower Rose Brush
51,aquarium_109.jpg_0,r,Sweet Puppy
52,aquarium_109.jpg_0,s,Flower Rose Brush
53,aquarium_109.jpg_0,.,Flower Rose Brush
54,aquarium_112.jpeg_0,a,VertigoFLF
55,aquarium_112.jpeg_0,n,Flower Rose Brush
56,aquarium_112.jpeg_0,y,Ubuntu Mono
57,aquarium_120.jpg_0,A,Sweet Puppy
58,aquarium_120.jpg_0,p,Skylark
59,aquarium_120.jpg_0,r,Flower Rose Brush
60,aquarium_120.jpg_0,f,always forever
61,aquarium_120.jpg_0,i,Ubuntu Mono
62,aquarium_120.jpg_0,n,Sweet Puppy
63,aquarium_120.jpg_0,d,Wanted M54
64,aquarium_120.jpg_0,K,Skylark
65,aquarium_120.jpg_0,K,Sweet Puppy
66,aquarium_120.jpg_0,K,Skylark
67,aquarium_120.jpg_0,o,Wanted M54
68,aquarium_120.jpg_0,n,Flower Rose Brush
69,aquarium_120.jpg_0,l,Flower Rose Brush
70,aquarium_120.jpg_0,y,Ubuntu Mono
71,aquarium_131.jpg_0,D,Ubuntu Mono
72,aquarium_131.jpg_0,a,always forever
73,aquarium_131.jpg_0,t,Flower Rose Brush
74,aquarium_131.jpg_0,e,VertigoFLF
75,aquarium_131.jpg_0,:,Skylark
76,aquarium_132.jpg_0,b,Wanted M54
77,aquarium_132.jpg_0,r,Skylark
78,aquarium_132.jpg_0,e,always forever
79,aquarium_132.jpg_0,a,Flower Rose Brush
80,aquarium_132.jpg_0,k,Flower Rose Brush
81,asphalt_81.jpg_0,M,Wanted M54
82,asphalt_81.jpg_0,I,always forever
83,asphalt_81.jpg_0,N,Ubuntu Mono
84,asphalt_81.jpg_0,a,Skylark
85,asphalt_81.jpg_0,n,Sweet Puppy
86,asphalt_81.jpg_0,d,Skylark
87,asphalt_81.jpg_0,M,Ubuntu Mono
88,asphalt_81.jpg_0,V,Wanted M54
89,asphalt_81.jpg_0,P,always forever
90,asphalt_81.jpg_0,u,Skylark
91,asphalt_81.jpg_0,s,Skylark
92,asphalt_81.jpg_0,a,Ubuntu Mono
93,asphalt_81.jpg_0,G,Sweet Puppy
94,asphalt_81.jpg_0,M,Sweet Puppy
95,asphalt_81.jpg_0,T,Sweet Puppy
96,asphalt_81.jpg_0,O,Skylark
97,asphalt_81.jpg_0,l,Ubuntu Mono
98,asphalt_81.jpg_0,e,VertigoFLF
99,asphalt_81.jpg_0,g,Sweet Puppy
100,asphalt_81.jpg_0,G,VertigoFLF
101,asphalt_81.jpg_0,M,Ubuntu Mono
102,asphalt_81.jpg_0,T,Skylark
103,asphalt_81.jpg_0,n,Sweet Puppy
104,asphalt_81.jpg_0,e,Sweet Puppy
105,asphalt_81.jpg_0,w,Sweet Puppy
106,asphalt_81.jpg_0,m,VertigoFLF
107,asphalt_81.jpg_0,o,Flower Rose Brush
108,asphalt_81.jpg_0,r,Sweet Puppy
109,asphalt_81.jpg_0,e,Ubuntu Mono
110,asphalt_81.jpg_0,y,Flower Rose Brush
111,asphalt_81.jpg_0,e,Wanted M54
112,asphalt_81.jpg_0,a,Ubuntu Mono
113,asphalt_81.jpg_0,r,Flower Rose Brush
114,asphalt_81.jpg_0,s,always forever
115,ballet_99.jpg_0,y,Sweet Puppy
116,ballet_99.jpg_0,o,Skylark
117,ballet_99.jpg_0,u,Skylark
118,ballet_99.jpg_0,r,VertigoFLF
119,ballet_99.jpg_0,t,VertigoFLF
120,ballet_99.jpg_0,h,always forever
121,ballet_99.jpg_0,e,Wanted M54
122,ballet_99.jpg_0,N,VertigoFLF
123,ballet_99.jpg_0,e,Skylark
124,ballet_99.jpg_0,w,Flower Rose Brush
125,ballet_99.jpg_0,s,Wanted M54
126,ballet_99.jpg_0,g,Ubuntu Mono
127,ballet_99.jpg_0,r,Sweet Puppy
128,ballet_99.jpg_0,o,Sweet Puppy
129,ballet_99.jpg_0,u,Skylark
130,ballet_99.jpg_0,p,always forever
131,ballet_99.jpg_0,s,always forever
132,ballet_99.jpg_0,:,Wanted M54
133,ballet_99.jpg_0,p,Skylark
134,ballet_99.jpg_0,o,Sweet Puppy
135,ballet_99.jpg_0,s,VertigoFLF
136,ballet_99.jpg_0,t,Ubuntu Mono
137,ballet_99.jpg_0,s,Skylark
138,ballet_99.jpg_0,S,Wanted M54
139,ballet_99.jpg_0,e,Wanted M54
140,ballet_99.jpg_0,n,Wanted M54
141,ballet_99.jpg_0,d,Wanted M54
142,ballet_99.jpg_0,e,Skylark
143,ballet_99.jpg_0,r,always forever
144,ballet_99.jpg_0,:,VertigoFLF
145,ballet_99.jpg_0,X,always forever
146,ballet_99.jpg_0,r,Sweet Puppy
147,ballet_99.jpg_0,e,always forever
148,ballet_99.jpg_0,f,Skylark
149,ballet_99.jpg_0,:,Skylark
150,bay+area_20.jpg_0,t,always forever
151,bay+area_20.jpg_0,h,Sweet Puppy
152,bay+area_20.jpg_0,e,Skylark
153,bay+area_20.jpg_0,h,Flower Rose Brush
154,bay+area_20.jpg_0,a,always forever
155,bay+area_20.jpg_0,v,VertigoFLF
156,bay+area_20.jpg_0,e,Wanted M54
157,bay+area_20.jpg_0,m,always forever
158,bay+area_20.jpg_0,a,Skylark
159,bay+area_20.jpg_0,n,Wanted M54
160,bay+area_20.jpg_0,u,Flower Rose Brush
161,bay+area_20.jpg_0,a,Flower Rose Brush
162,bay+area_20.jpg_0,l,VertigoFLF
163,bay+area_20.jpg_0,2,Ubuntu Mono
164,bay+area_20.jpg_0,5,Skylark
165,bay+area_20.jpg_0,",",Sweet Puppy
166,bay+area_20.jpg_0,e,VertigoFLF
167,bay+area_20.jpg_0,a,Ubuntu Mono
168,bay+area_20.jpg_0,c,Wanted M54
169,bay+area_20.jpg_0,h,Skylark
170,bay+area_74.jpg_0,-,VertigoFLF
171,bay+area_74.jpg_0,k,Sweet Puppy
172,bay+area_74.jpg_0,m,Ubuntu Mono
173,bay+area_74.jpg_0,>,Wanted M54
174,bay+area_74.jpg_0,T,Wanted M54
175,bay+area_74.jpg_0,h,Skylark
176,bay+area_74.jpg_0,a,Wanted M54
177,bay+area_74.jpg_0,n,Ubuntu Mono
178,bay+area_74.jpg_0,k,Wanted M54
179,bay+area_74.jpg_0,"""",Sweet Puppy
180,bay+area_74.jpg_0,T,VertigoFLF
181,bay+area_74.jpg_0,r,always forever
182,bay+area_74.jpg_0,u,Ubuntu Mono
183,bay+area_74.jpg_0,e,Skylark
184,bay+area_74.jpg_0,"""",Sweet Puppy
185,bay+area_74.jpg_0,M,Flower Rose Brush
186,bay+area_74.jpg_0,i,Wanted M54
187,bay+area_74.jpg_0,l,Ubuntu Mono
188,bob+dylan_142.jpg_0,w,VertigoFLF
189,bob+dylan_142.jpg_0,o,Flower Rose Brush
190,bob+dylan_142.jpg_0,r,always forever
191,bob+dylan_142.jpg_0,l,Ubuntu Mono
192,bob+dylan_142.jpg_0,d,always forever
193,bob+dylan_142.jpg_0,f,Wanted M54
194,bob+dylan_142.jpg_0,o,VertigoFLF
195,bob+dylan_142.jpg_0,r,Wanted M54
196,bob+dylan_142.jpg_0,c,always forever
197,bob+dylan_142.jpg_0,a,Wanted M54
198,bob+dylan_142.jpg_0,n,Flower Rose Brush
199,building_60.jpg_0,o,Ubuntu Mono
200,building_60.jpg_0,l,Wanted M54
201,building_60.jpg_0,d,Ubuntu Mono
202,building_60.jpg_0,s,Wanted M54
203,building_60.jpg_0,.,Ubuntu Mono
204,building_60.jpg_0,a,Ubuntu Mono
205,building_60.jpg_0,n,Sweet Puppy
206,building_60.jpg_0,d,Skylark
207,building_60.jpg_0,p,VertigoFLF
208,building_60.jpg_0,a,Wanted M54
209,building_60.jpg_0,i,VertigoFLF
210,building_60.jpg_0,r,Sweet Puppy
211,building_60.jpg_0,s,always forever
212,camping_148.jpg_0,a,always forever
213,camping_148.jpg_0,n,Skylark
214,camping_148.jpg_0,d,Sweet Puppy
215,camping_148.jpg_0,t,VertigoFLF
216,camping_148.jpg_0,h,Flower Rose Brush
217,camping_148.jpg_0,e,Skylark
218,chocolate_125.jpg_0,(,VertigoFLF
219,chocolate_125.jpg_0,A,Wanted M54
220,chocolate_125.jpg_0,d,Ubuntu Mono
221,chocolate_125.jpg_0,a,Sweet Puppy
222,chocolate_125.jpg_0,m,Wanted M54
223,chocolate_125.jpg_0,R,VertigoFLF
224,chocolate_125.jpg_0,e,Skylark
225,chocolate_125.jpg_0,:,Ubuntu Mono
226,chocolate_125.jpg_0,F,Skylark
227,chocolate_125.jpg_0,r,Ubuntu Mono
228,chocolate_125.jpg_0,o,Flower Rose Brush
229,chocolate_125.jpg_0,m,always forever
230,chocolate_125.jpg_0,:,Ubuntu Mono
231,chocolate_125.jpg_0,n,Ubuntu Mono
232,chocolate_125.jpg_0,e,Wanted M54
233,chocolate_125.jpg_0,x,Ubuntu Mono
234,chocolate_125.jpg_0,t,Sweet Puppy
235,chocolate_125.jpg_0,t,Skylark
236,chocolate_125.jpg_0,h,Sweet Puppy
237,chocolate_125.jpg_0,e,Sweet Puppy
238,chocolate_125.jpg_0,f,VertigoFLF
239,chocolate_125.jpg_0,a,Flower Rose Brush
240,chocolate_125.jpg_0,i,Flower Rose Brush
241,chocolate_125.jpg_0,r,VertigoFLF
242,chocolate_125.jpg_0,l,Skylark
243,chocolate_125.jpg_0,y,Ubuntu Mono
244,chocolate_125.jpg_0,t,Skylark
245,chocolate_125.jpg_0,h,Sweet Puppy
246,chocolate_125.jpg_0,a,Flower Rose Brush
247,chocolate_125.jpg_0,t,always forever
248,chocolate_125.jpg_0,f,Ubuntu Mono
249,chocolate_125.jpg_0,l,Sweet Puppy
250,chocolate_125.jpg_0,u,Sweet Puppy
251,chocolate_125.jpg_0,i,Wanted M54
252,chocolate_125.jpg_0,d,Ubuntu Mono
253,chocolate_125.jpg_0,s,Flower Rose Brush
254,chocolate_125.jpg_0,s,Sweet Puppy
255,chocolate_125.jpg_0,o,Ubuntu Mono
256,chocolate_125.jpg_0,m,Wanted M54
257,chocolate_125.jpg_0,e,Ubuntu Mono
258,chocolate_125.jpg_0,C,Sweet Puppy
259,chocolate_125.jpg_0,a,Wanted M54
260,chocolate_125.jpg_0,n,Ubuntu Mono
261,chocolate_125.jpg_0,t,always forever
262,chocolate_125.jpg_0,h,Ubuntu Mono
263,chocolate_125.jpg_0,e,Sweet Puppy
264,chocolate_62.jpg_0,T,Ubuntu Mono
265,chocolate_62.jpg_0,h,Ubuntu Mono
266,chocolate_62.jpg_0,e,Skylark
267,chocolate_62.jpg_0,R,Sweet Puppy
268,chocolate_62.jpg_0,e,Wanted M54
269,chocolate_62.jpg_0,:,Ubuntu Mono
270,chocolate_62.jpg_0,g,VertigoFLF
271,chocolate_62.jpg_0,i,VertigoFLF
272,chocolate_62.jpg_0,f,Ubuntu Mono
273,chocolate_62.jpg_0,t,Sweet Puppy
274,chocolate_62.jpg_0,.,always forever
275,chocolate_62.jpg_0,(,VertigoFLF
276,chocolate_62.jpg_0,a,Wanted M54
277,chocolate_62.jpg_0,s,Sweet Puppy
278,chocolate_62.jpg_0,p,Skylark
279,chocolate_62.jpg_0,r,Wanted M54
280,chocolate_62.jpg_0,i,VertigoFLF
281,chocolate_62.jpg_0,z,Wanted M54
282,chocolate_62.jpg_0,e,VertigoFLF
283,chocolate_62.jpg_0,P,Sweet Puppy
284,chocolate_62.jpg_0,r,Sweet Puppy
285,chocolate_62.jpg_0,o,Ubuntu Mono
286,chocolate_62.jpg_0,g,Skylark
287,chocolate_62.jpg_0,r,always forever
288,chocolate_62.jpg_0,a,Skylark
289,chocolate_62.jpg_0,m,Flower Rose Brush
290,chocolate_62.jpg_0,m,Sweet Puppy
291,chocolate_62.jpg_0,e,always forever
292,chocolate_62.jpg_0,r,Skylark
293,chocolate_62.jpg_0,4,Ubuntu Mono
294,chocolate_62.jpg_0,.,Wanted M54
295,chocolate_62.jpg_0,0,VertigoFLF
296,chocolate_62.jpg_0,h,always forever
297,chocolate_62.jpg_0,i,Sweet Puppy
298,chocolate_62.jpg_0,m,VertigoFLF
299,clothes_38.jpg_0,u,Ubuntu Mono
300,clothes_38.jpg_0,n,Wanted M54
301,clothes_38.jpg_0,d,Sweet Puppy
302,clothes_38.jpg_0,e,Ubuntu Mono
303,clothes_38.jpg_0,r,VertigoFLF
304,clothes_38.jpg_0,o,VertigoFLF
305,clothes_38.jpg_0,u,Ubuntu Mono
306,clothes_38.jpg_0,t,always forever
307,clothes_38.jpg_0,s,Sweet Puppy
308,clothes_38.jpg_0,e,VertigoFLF
309,clothes_38.jpg_0,r,Wanted M54
310,clothes_38.jpg_0,i,Sweet Puppy
311,clothes_38.jpg_0,o,Skylark
312,clothes_38.jpg_0,u,Skylark
313,clothes_38.jpg_0,s,Sweet Puppy
314,clothes_38.jpg_0,>,Wanted M54
315,clothes_38.jpg_0,b,always forever
316,clothes_38.jpg_0,i,Flower Rose Brush
317,clothes_38.jpg_0,g,VertigoFLF
318,clothes_38.jpg_0,n,Skylark
319,clothes_38.jpg_0,a,always forever
320,clothes_38.jpg_0,m,Sweet Puppy
321,clothes_38.jpg_0,e,Sweet Puppy
322,clothes_38.jpg_0,t,Skylark
323,clothes_38.jpg_0,e,Wanted M54
324,clothes_38.jpg_0,l,Ubuntu Mono
325,clothes_38.jpg_0,l,VertigoFLF
326,clothes_38.jpg_0,.,Wanted M54
327,clothes_38.jpg_0,L,Ubuntu Mono
328,clothes_38.jpg_0,i,always forever
329,clothes_38.jpg_0,n,Skylark
330,clothes_38.jpg_0,e,Skylark
331,clothes_38.jpg_0,s,Skylark
332,clothes_38.jpg_0,:,always forever
333,clouds_74.jpg_0,o,Wanted M54
334,clouds_74.jpg_0,n,always forever
335,clouds_74.jpg_0,l,Wanted M54
336,clouds_74.jpg_0,y,VertigoFLF
337,clouds_74.jpg_0,h,Sweet Puppy
338,clouds_74.jpg_0,o,Flower Rose Brush
339,clouds_74.jpg_0,w,VertigoFLF
340,clouds_74.jpg_0,a,Skylark
341,clouds_74.jpg_0,n,Skylark
342,clouds_74.jpg_0,d,Wanted M54
343,clouds_74.jpg_0,T,Skylark
344,clouds_74.jpg_0,h,Ubuntu Mono
345,clouds_74.jpg_0,e,VertigoFLF
346,clouds_74.jpg_0,y,Sweet Puppy
347,clouds_74.jpg_0,f,always forever
348,clouds_74.jpg_0,o,Sweet Puppy
349,clouds_74.jpg_0,r,VertigoFLF
350,clouds_74.jpg_0,G,Wanted M54
351,clouds_74.jpg_0,M,Ubuntu Mono
352,clouds_74.jpg_0,T,Wanted M54
353,clouds_74.jpg_0,h,Wanted M54
354,clouds_74.jpg_0,a,always forever
355,clouds_74.jpg_0,s,Sweet Puppy
356,clouds_74.jpg_0,a,Sweet Puppy
357,clouds_74.jpg_0,n,always forever
358,clouds_74.jpg_0,d,always forever
359,coal_89.jpg_0,a,Ubuntu Mono
360,coal_89.jpg_0,n,VertigoFLF
361,coal_89.jpg_0,d,VertigoFLF
362,coal_89.jpg_0,a,Ubuntu Mono
363,coal_89.jpg_0,i,Skylark
364,coal_89.jpg_0,l,Wanted M54
365,coal_89.jpg_0,i,VertigoFLF
366,coal_89.jpg_0,n,VertigoFLF
367,coal_89.jpg_0,T,VertigoFLF
368,coal_89.jpg_0,U,Wanted M54
369,coal_89.jpg_0,R,VertigoFLF
370,coal_89.jpg_0,A,always forever
371,coal_89.jpg_0,N,Ubuntu Mono
372,coal_89.jpg_0,:,Flower Rose Brush
373,coal_89.jpg_0,w,VertigoFLF
374,coal_89.jpg_0,o,Flower Rose Brush
375,coal_89.jpg_0,u,Wanted M54
376,coal_89.jpg_0,l,always forever
377,coal_89.jpg_0,d,Ubuntu Mono
378,crater_109.jpg_0,M,Sweet Puppy
379,crater_109.jpg_0,i,Skylark
380,crater_109.jpg_0,c,Skylark
381,crater_109.jpg_0,n,VertigoFLF
382,crater_109.jpg_0,o,Ubuntu Mono
383,crater_109.jpg_0,t,Wanted M54
384,crater_109.jpg_0,a,Flower Rose Brush
385,crater_109.jpg_0,r,Sweet Puppy
386,crater_109.jpg_0,t,Flower Rose Brush
387,crater_109.jpg_0,i,Wanted M54
388,crater_109.jpg_0,c,always forever
389,crater_109.jpg_0,l,Sweet Puppy
390,crater_109.jpg_0,e,Sweet Puppy
391,crater_109.jpg_0,S,Skylark
392,crater_109.jpg_0,T,Sweet Puppy
393,crater_109.jpg_0,I,Skylark
394,crater_109.jpg_0,J,always forever
395,crater_109.jpg_0,e,VertigoFLF
396,crater_109.jpg_0,w,always forever
397,crater_109.jpg_0,s,Skylark
398,crater_109.jpg_0,#,Wanted M54
399,crater_109.jpg_0,0,Sweet Puppy
400,crater_109.jpg_0,0,VertigoFLF
401,crater_109.jpg_0,1,Flower Rose Brush
402,crater_109.jpg_0,3,Sweet Puppy
403,crater_109.jpg_0,o,Flower Rose Brush
404,crater_109.jpg_0,u,VertigoFLF
405,crater_109.jpg_0,r,Ubuntu Mono
406,crater_45.jpg_0,T,Wanted M54
407,crater_45.jpg_0,o,Ubuntu Mono
408,crater_45.jpg_0,r,always forever
409,crater_45.jpg_0,o,Wanted M54
410,crater_45.jpg_0,n,Flower Rose Brush
411,crater_45.jpg_0,t,Skylark
412,crater_45.jpg_0,o,Sweet Puppy
413,crater_45.jpg_0,s,Flower Rose Brush
414,crater_45.jpg_0,e,Ubuntu Mono
415,crater_45.jpg_0,t,Flower Rose Brush
416,crater_45.jpg_0,S,Ubuntu Mono
417,crater_45.jpg_0,w,Skylark
418,crater_45.jpg_0,i,Ubuntu Mono
419,crater_45.jpg_0,f,VertigoFLF
420,crater_45.jpg_0,t,Wanted M54
421,crater_45.jpg_0,u,Ubuntu Mono
422,crater_45.jpg_0,n,always forever
423,crater_45.jpg_0,l,Wanted M54
424,crater_45.jpg_0,i,Flower Rose Brush
425,crater_45.jpg_0,k,Skylark
426,crater_45.jpg_0,e,always forever
427,crater_45.jpg_0,l,Flower Rose Brush
428,crater_45.jpg_0,y,VertigoFLF
429,crater_45.jpg_0,t,VertigoFLF
430,crater_45.jpg_0,e,VertigoFLF
431,crater_45.jpg_0,c,always forever
432,crater_45.jpg_0,h,VertigoFLF
433,crater_45.jpg_0,n,Flower Rose Brush
434,crater_45.jpg_0,o,Sweet Puppy
435,crater_45.jpg_0,l,Wanted M54
436,crater_45.jpg_0,o,Wanted M54
437,crater_45.jpg_0,g,Ubuntu Mono
438,crater_45.jpg_0,i,Flower Rose Brush
439,crater_45.jpg_0,c,Flower Rose Brush
440,crater_45.jpg_0,a,always forever
441,crater_45.jpg_0,l,VertigoFLF
442,crater_45.jpg_0,(,Sweet Puppy
443,crater_45.jpg_0,w,Flower Rose Brush
444,crater_45.jpg_0,e,Sweet Puppy
445,crater_45.jpg_0,w,VertigoFLF
446,crater_45.jpg_0,r,Skylark
447,crater_45.jpg_0,i,Skylark
448,crater_45.jpg_0,t,Wanted M54
449,crater_45.jpg_0,e,Wanted M54
450,crater_45.jpg_0,s,Wanted M54
451,crater_45.jpg_0,:,Flower Rose Brush
452,crater_45.jpg_0,a,Sweet Puppy
453,crater_45.jpg_0,r,Flower Rose Brush
454,crater_45.jpg_0,e,Ubuntu Mono
455,crater_45.jpg_0,t,Flower Rose Brush
456,crater_45.jpg_0,h,Skylark
457,crater_45.jpg_0,e,Wanted M54
458,crater_45.jpg_0,n,Ubuntu Mono
459,crater_45.jpg_0,e,VertigoFLF
460,crater_45.jpg_0,w,Skylark
461,crater_45.jpg_0,l,Wanted M54
462,crater_45.jpg_0,y,Flower Rose Brush
463,crater_52.jpg_0,a,always forever
464,crater_52.jpg_0,l,always forever
465,crater_52.jpg_0,l,Skylark
466,crater_52.jpg_0,N,VertigoFLF
467,crater_52.jpg_0,2,always forever
468,crater_52.jpg_0,",",VertigoFLF
469,crater_52.jpg_0,m,Flower Rose Brush
470,crater_52.jpg_0,u,Ubuntu Mono
471,crater_52.jpg_0,t,Flower Rose Brush
472,crater_52.jpg_0,u,Ubuntu Mono
473,crater_52.jpg_0,a,Skylark
474,crater_52.jpg_0,l,Flower Rose Brush
475,crater_52.jpg_0,1,always forever
476,crater_52.jpg_0,7,Ubuntu Mono
477,crater_52.jpg_0,:,always forever
478,crater_52.jpg_0,5,VertigoFLF
479,crater_52.jpg_0,2,Ubuntu Mono
480,crater_52.jpg_0,:,always forever
481,crater_52.jpg_0,1,always forever
482,crater_52.jpg_0,2,always forever
483,crater_52.jpg_0,4,Sweet Puppy
484,crater_52.jpg_0,0,Skylark
485,crater_52.jpg_0,0,Skylark
486,crater_74.jpg_0,d,Ubuntu Mono
487,crater_74.jpg_0,o,Flower Rose Brush
488,crater_74.jpg_0,e,Skylark
489,crater_74.jpg_0,s,Sweet Puppy
490,crater_74.jpg_0,s,always forever
491,crater_74.jpg_0,h,Flower Rose Brush
492,crater_74.jpg_0,o,Ubuntu Mono
493,crater_74.jpg_0,u,Skylark
494,crater_74.jpg_0,l,Skylark
495,crater_74.jpg_0,d,VertigoFLF
496,crater_74.jpg_0,o,Flower Rose Brush
497,crater_74.jpg_0,n,Skylark
498,crater_74.jpg_0,e,VertigoFLF
499,crater_74.jpg_0,N,Flower Rose Brush
500,crater_74.jpg_0,i,always forever
501,crater_74.jpg_0,c,always forever
502,crater_74.jpg_0,e,Flower Rose Brush
503,crater_74.jpg_0,p,Ubuntu Mono
504,crater_74.jpg_0,l,Sweet Puppy
505,crater_74.jpg_0,a,Flower Rose Brush
506,crater_74.jpg_0,i,Wanted M54
507,crater_74.jpg_0,n,Skylark
508,crater_74.jpg_0,>,always forever
509,crater_74.jpg_0,s,Flower Rose Brush
510,crater_74.jpg_0,u,Flower Rose Brush
511,crater_74.jpg_0,c,Skylark
512,crater_74.jpg_0,h,Wanted M54
513,crater_74.jpg_0,(,VertigoFLF
514,crater_74.jpg_0,o,Sweet Puppy
515,crater_74.jpg_0,r,Ubuntu Mono
516,crater_74.jpg_0,w,Wanted M54
517,crater_74.jpg_0,i,Skylark
518,crater_74.jpg_0,l,Ubuntu Mono
519,crater_74.jpg_0,l,Ubuntu Mono
520,crater_74.jpg_0,u,always forever
521,crater_74.jpg_0,s,Ubuntu Mono
522,crater_74.jpg_0,i,Ubuntu Mono
523,crater_74.jpg_0,n,Sweet Puppy
524,crater_74.jpg_0,g,always forever
525,crater_74.jpg_0,E,Ubuntu Mono
526,crater_74.jpg_0,D,Ubuntu Mono
527,crater_74.jpg_0,T,always forever
528,crater_92.jpg_0,r,Ubuntu Mono
529,crater_92.jpg_0,u,Flower Rose Brush
530,crater_92.jpg_0,b,always forever
531,crater_92.jpg_0,b,Sweet Puppy
532,crater_92.jpg_0,e,Wanted M54
533,crater_92.jpg_0,d,always forever
534,crater_92.jpg_0,h,Ubuntu Mono
535,crater_92.jpg_0,a,Flower Rose Brush
536,crater_92.jpg_0,d,always forever
537,crater_92.jpg_0,c,Ubuntu Mono
538,crater_92.jpg_0,a,Sweet Puppy
539,crater_92.jpg_0,n,Wanted M54
540,crater_92.jpg_0,>,Flower Rose Brush
541,crater_92.jpg_0,e,Sweet Puppy
542,crater_92.jpg_0,l,VertigoFLF
543,crater_92.jpg_0,e,Ubuntu Mono
544,crater_92.jpg_0,c,Sweet Puppy
545,crater_92.jpg_0,t,always forever
546,crater_92.jpg_0,r,Flower Rose Brush
547,crater_92.jpg_0,o,VertigoFLF
548,crater_92.jpg_0,n,Flower Rose Brush
549,crater_92.jpg_0,i,Sweet Puppy
550,crater_92.jpg_0,c,Ubuntu Mono
551,crater_92.jpg_0,a,Ubuntu Mono
552,crater_92.jpg_0,l,Sweet Puppy
553,crater_92.jpg_0,l,Flower Rose Brush
554,crater_92.jpg_0,y,always forever
555,crater_92.jpg_0,.,Skylark
556,crater_92.jpg_0,m,Ubuntu Mono
557,crater_92.jpg_0,e,Flower Rose Brush
558,crater_92.jpg_0,",",always forever
559,crater_92.jpg_0,r,VertigoFLF
560,crater_92.jpg_0,e,Skylark
561,crater_92.jpg_0,a,always forever
562,crater_92.jpg_0,d,Wanted M54
563,crater_92.jpg_0,S,Wanted M54
564,crater_92.jpg_0,p,Wanted M54
565,crater_92.jpg_0,a,Sweet Puppy
566,crater_92.jpg_0,c,VertigoFLF
567,crater_92.jpg_0,e,Wanted M54
568,crater_92.jpg_0,h,Flower Rose Brush
569,crater_92.jpg_0,o,Skylark
570,crater_92.jpg_0,w,Wanted M54
571,crater_92.jpg_0,w,Flower Rose Brush
572,crater_92.jpg_0,i,VertigoFLF
573,crater_92.jpg_0,t,Ubuntu Mono
574,crater_92.jpg_0,h,always forever
575,crater_92.jpg_0,B,VertigoFLF
576,crater_92.jpg_0,u,Sweet Puppy
577,crater_92.jpg_0,i,VertigoFLF
578,crater_92.jpg_0,l,Sweet Puppy
579,crater_92.jpg_0,d,always forever
580,crater_92.jpg_0,i,Ubuntu Mono
581,crater_92.jpg_0,n,Flower Rose Brush
582,crater_92.jpg_0,g,Ubuntu Mono
583,crater_92.jpg_0,a,Wanted M54
584,crater_92.jpg_0,n,Flower Rose Brush
585,crater_92.jpg_0,s,Wanted M54
586,crater_92.jpg_0,w,Ubuntu Mono
587,crater_92.jpg_0,e,VertigoFLF
588,crater_92.jpg_0,r,always forever
589,crater_92.jpg_0,h,always forever
590,crater_92.jpg_0,e,Wanted M54
591,crater_92.jpg_0,l,Ubuntu Mono
592,crater_92.jpg_0,p,Flower Rose Brush
593,crater_92.jpg_0,>,always forever
594,crater_92.jpg_0,H,VertigoFLF
595,crater_92.jpg_0,e,VertigoFLF
596,crater_92.jpg_0,r,Ubuntu Mono
597,crater_92.jpg_0,e,Flower Rose Brush
598,crater_92.jpg_0,P,always forever
599,crater_92.jpg_0,D,Sweet Puppy
600,crater_92.jpg_0,T,Skylark
601,desert_27.jpg_0,C,Wanted M54
602,desert_27.jpg_0,e,VertigoFLF
603,desert_27.jpg_0,n,Flower Rose Brush
604,desert_27.jpg_0,t,Flower Rose Brush
605,desert_27.jpg_0,e,Skylark
606,desert_27.jpg_0,r,Sweet Puppy
607,desert_27.jpg_0,w,VertigoFLF
608,desert_27.jpg_0,r,Ubuntu Mono
609,desert_27.jpg_0,i,Flower Rose Brush
610,desert_27.jpg_0,t,VertigoFLF
611,desert_27.jpg_0,e,Skylark
612,desert_27.jpg_0,s,Skylark
613,desert_27.jpg_0,:,always forever
614,desert_27.jpg_0,n,VertigoFLF
615,desert_27.jpg_0,a,Skylark
616,desert_27.jpg_0,t,Skylark
617,desert_27.jpg_0,i,Skylark
618,desert_27.jpg_0,o,Sweet Puppy
619,desert_27.jpg_0,n,Skylark
620,desert_27.jpg_0,a,Wanted M54
621,desert_27.jpg_0,l,Ubuntu Mono
622,desert_27.jpg_0,r,Wanted M54
623,desert_27.jpg_0,e,always forever
624,desert_27.jpg_0,m,Ubuntu Mono
625,desert_27.jpg_0,e,Wanted M54
626,desert_27.jpg_0,m,Skylark
627,desert_27.jpg_0,b,always forever
628,desert_27.jpg_0,e,Wanted M54
629,desert_27.jpg_0,r,VertigoFLF
630,desert_27.jpg_0,W,Skylark
631,desert_27.jpg_0,i,Ubuntu Mono
632,desert_27.jpg_0,n,Skylark
633,desert_27.jpg_0,d,always forever
634,desert_27.jpg_0,o,VertigoFLF
635,desert_27.jpg_0,w,Flower Rose Brush
636,desert_27.jpg_0,s,Ubuntu Mono
637,desert_27.jpg_0,.,Sweet Puppy
638,desert_30.jpg_0,g,VertigoFLF
639,desert_30.jpg_0,i,always forever
640,desert_30.jpg_0,v,Skylark
641,desert_30.jpg_0,e,Flower Rose Brush
642,desert_30.jpg_0,d,Wanted M54
643,desert_30.jpg_0,r,Skylark
644,desert_30.jpg_0,i,Ubuntu Mono
645,desert_30.jpg_0,v,Flower Rose Brush
646,desert_30.jpg_0,e,Sweet Puppy
647,desert_30.jpg_0,l,Sweet Puppy
648,desert_30.jpg_0,G,Sweet Puppy
649,desert_30.jpg_0,M,always forever
650,desert_30.jpg_0,T,Skylark
651,desert_30.jpg_0,1,Ubuntu Mono
652,desert_30.jpg_0,9,Ubuntu Mono
653,desert_30.jpg_0,9,Flower Rose Brush
654,desert_30.jpg_0,3,Skylark
655,desert_93.jpg_0,s,VertigoFLF
656,desert_93.jpg_0,p,Skylark
657,desert_93.jpg_0,a,Flower Rose Brush
658,desert_93.jpg_0,c,always forever
659,desert_93.jpg_0,e,Ubuntu Mono
660,desert_93.jpg_0,c,Skylark
661,desert_93.jpg_0,o,Ubuntu Mono
662,desert_93.jpg_0,l,Flower Rose Brush
663,desert_93.jpg_0,o,VertigoFLF
664,desert_93.jpg_0,r,Flower Rose Brush
665,desert_93.jpg_0,m,always forever
666,desert_93.jpg_0,a,VertigoFLF
667,desert_93.jpg_0,p,VertigoFLF
668,desert_93.jpg_0,t,Ubuntu Mono
669,desert_93.jpg_0,h,always forever
670,desert_93.jpg_0,i,Wanted M54
671,desert_93.jpg_0,n,always forever
672,desert_93.jpg_0,g,Wanted M54
673,desert_93.jpg_0,s,Sweet Puppy
674,desert_93.jpg_0,",",Skylark
675,desert_93.jpg_0,t,Wanted M54
676,desert_93.jpg_0,h,Flower Rose Brush
677,desert_93.jpg_0,e,Skylark
678,desert_93.jpg_0,r,VertigoFLF
679,desert_93.jpg_0,e,Wanted M54
680,desert_93.jpg_0,",",VertigoFLF
681,desert_93.jpg_0,o,Flower Rose Brush
682,desert_93.jpg_0,u,Skylark
683,desert_93.jpg_0,r,VertigoFLF
684,eagle_37.jpg_0,t,Ubuntu Mono
685,eagle_37.jpg_0,h,Ubuntu Mono
686,eagle_37.jpg_0,e,Sweet Puppy
687,eagle_37.jpg_0,2,Sweet Puppy
688,eagle_37.jpg_0,0,Sweet Puppy
689,eagle_37.jpg_0,",",Sweet Puppy
690,eagle_37.jpg_0,c,always forever
691,eagle_37.jpg_0,u,Wanted M54
692,eagle_37.jpg_0,t,Sweet Puppy
693,eagle_37.jpg_0,s,Wanted M54
694,eagle_37.jpg_0,e,Ubuntu Mono
695,eagle_37.jpg_0,d,Sweet Puppy
696,eagle_37.jpg_0,t,Flower Rose Brush
697,eagle_37.jpg_0,h,VertigoFLF
698,eagle_37.jpg_0,e,Skylark
699,eagle_37.jpg_0,a,VertigoFLF
700,eagle_37.jpg_0,l,Ubuntu Mono
701,eagle_37.jpg_0,l,Sweet Puppy
702,empty+street_115.jpg_0,t,Ubuntu Mono
703,empty+street_115.jpg_0,u,Flower Rose Brush
704,empty+street_115.jpg_0,r,Ubuntu Mono
705,empty+street_115.jpg_0,n,always forever
706,empty+street_138.jpg_0,F,Skylark
707,empty+street_138.jpg_0,r,Ubuntu Mono
708,empty+street_138.jpg_0,a,Sweet Puppy
709,empty+street_138.jpg_0,n,VertigoFLF
710,empty+street_138.jpg_0,k,Wanted M54
711,empty+street_138.jpg_0,w,Ubuntu Mono
712,empty+street_138.jpg_0,i,Wanted M54
713,empty+street_138.jpg_0,l,Skylark
714,empty+street_138.jpg_0,l,Flower Rose Brush
715,empty+street_138.jpg_0,a,Sweet Puppy
716,empty+street_138.jpg_0,s,Ubuntu Mono
717,empty+street_138.jpg_0,k,Wanted M54
718,empty+street_138.jpg_0,e,always forever
719,empty+street_138.jpg_0,d,always forever
720,empty+street_138.jpg_0,w,Sweet Puppy
721,empty+street_138.jpg_0,i,Flower Rose Brush
722,empty+street_138.jpg_0,l,Flower Rose Brush
723,empty+street_138.jpg_0,l,always forever
724,empty+street_138.jpg_0,b,Wanted M54
725,empty+street_138.jpg_0,o,VertigoFLF
726,empty+street_138.jpg_0,d,Flower Rose Brush
727,empty+street_138.jpg_0,y,Ubuntu Mono
728,empty+street_138.jpg_0,s,VertigoFLF
729,empty+street_138.jpg_0,u,Flower Rose Brush
730,empty+street_138.jpg_0,c,Ubuntu Mono
731,empty+street_138.jpg_0,h,Ubuntu Mono
732,empty+street_138.jpg_0,-,Sweet Puppy
733,empty+street_138.jpg_0,t,VertigoFLF
734,empty+street_138.jpg_0,e,Wanted M54
735,empty+street_138.jpg_0,d,always forever
736,empty+street_138.jpg_0,d,VertigoFLF
737,empty+street_138.jpg_0,y,always forever
738,farm_40.jpg_0,p,Ubuntu Mono
739,farm_40.jpg_0,o,Wanted M54
740,farm_40.jpg_0,s,Sweet Puppy
741,farm_40.jpg_0,t,Skylark
742,farm_40.jpg_0,a,VertigoFLF
743,farm_40.jpg_0,v,always forever
744,farm_40.jpg_0,o,Skylark
745,farm_40.jpg_0,i,Wanted M54
746,farm_40.jpg_0,d,Sweet Puppy
747,farm_40.jpg_0,y,Flower Rose Brush
748,farm_40.jpg_0,o,always forever
749,farm_40.jpg_0,u,Ubuntu Mono
750,farm_40.jpg_0,o,VertigoFLF
751,farm_40.jpg_0,u,Ubuntu Mono
752,farm_40.jpg_0,r,always forever
753,farm_40.jpg_0,w,Ubuntu Mono
754,farm_40.jpg_0,a,Wanted M54
755,farm_40.jpg_0,s,Skylark
756,farm_40.jpg_0,s,Ubuntu Mono
757,farm_40.jpg_0,a,Skylark
758,farm_40.jpg_0,c,Flower Rose Brush
759,farm_40.jpg_0,k,Ubuntu Mono
760,farm_40.jpg_0,n,always forever
761,farm_40.jpg_0,o,Skylark
762,farm_40.jpg_0,t,VertigoFLF
763,farm_40.jpg_0,p,VertigoFLF
764,farm_40.jpg_0,e,Flower Rose Brush
765,farm_40.jpg_0,o,VertigoFLF
766,farm_40.jpg_0,p,Wanted M54
767,farm_40.jpg_0,l,VertigoFLF
768,farm_40.jpg_0,e,Sweet Puppy
769,farm_40.jpg_0,c,always forever
770,farm_40.jpg_0,o,Sweet Puppy
771,farm_40.jpg_0,l,Sweet Puppy
772,farm_40.jpg_0,o,Ubuntu Mono
773,farm_40.jpg_0,u,Sweet Puppy
774,farm_40.jpg_0,r,VertigoFLF
775,farm_40.jpg_0,s,Ubuntu Mono
776,farm_40.jpg_0,J,Flower Rose Brush
777,farm_40.jpg_0,e,Flower Rose Brush
778,farm_40.jpg_0,f,VertigoFLF
779,farm_40.jpg_0,f,Skylark
780,farm_40.jpg_0,.,Flower Rose Brush
781,farm_40.jpg_0,D,Flower Rose Brush
782,farm_40.jpg_0,U,Wanted M54
783,farm_40.jpg_0,E,Wanted M54
784,flowers_110.jpg_0,M,Wanted M54
785,flowers_110.jpg_0,S,Flower Rose Brush
786,flowers_110.jpg_0,G,Skylark
787,flowers_110.jpg_0,d,Flower Rose Brush
788,flowers_110.jpg_0,r,Sweet Puppy
789,flowers_110.jpg_0,u,Ubuntu Mono
790,flowers_110.jpg_0,g,always forever
791,flowers_110.jpg_0,"""",VertigoFLF
792,flowers_110.jpg_0,A,Skylark
793,flowers_110.jpg_0,n,Sweet Puppy
794,flowers_110.jpg_0,y,Skylark
795,flowers_110.jpg_0,n,always forever
796,flowers_110.jpg_0,o,always forever
797,flowers_110.jpg_0,t,VertigoFLF
798,flowers_86.jpg_0,t,Skylark
799,flowers_86.jpg_0,h,Skylark
800,flowers_86.jpg_0,e,Ubuntu Mono
801,flowers_86.jpg_0,e,Flower Rose Brush
802,flowers_86.jpg_0,v,Sweet Puppy
803,flowers_86.jpg_0,e,VertigoFLF
804,flowers_86.jpg_0,n,Skylark
805,flowers_86.jpg_0,P,Ubuntu Mono
806,flowers_86.jpg_0,r,Wanted M54
807,flowers_86.jpg_0,o,Flower Rose Brush
808,hiking_144.jpg_0,f,always forever
809,hiking_144.jpg_0,o,Wanted M54
810,hiking_144.jpg_0,r,Ubuntu Mono
811,hiking_144.jpg_0,b,Sweet Puppy
812,hiking_144.jpg_0,e,VertigoFLF
813,hiking_144.jpg_0,a,Wanted M54
814,hiking_144.jpg_0,n,Wanted M54
815,hiking_144.jpg_0,@,Skylark
816,hiking_144.jpg_0,r,Sweet Puppy
817,hiking_144.jpg_0,a,always forever
818,hiking_144.jpg_0,.,Wanted M54
819,hiking_144.jpg_0,c,Skylark
820,hiking_144.jpg_0,g,VertigoFLF
821,hiking_144.jpg_0,d,Ubuntu Mono
822,hiking_144.jpg_0,.,Skylark
823,hiking_144.jpg_0,u,Sweet Puppy
824,hiking_144.jpg_0,c,Ubuntu Mono
825,hiking_144.jpg_0,a,Flower Rose Brush
826,hiking_144.jpg_0,r,Skylark
827,hiking_144.jpg_0,.,always forever
828,hiking_144.jpg_0,e,Sweet Puppy
829,hiking_144.jpg_0,d,always forever
830,hiking_144.jpg_0,u,always forever
831,hiking_144.jpg_0,e,Wanted M54
832,hiking_144.jpg_0,l,Skylark
833,hiking_144.jpg_0,s,Wanted M54
834,hiking_144.jpg_0,e,Sweet Puppy
835,hiking_144.jpg_0,h,Ubuntu Mono
836,hiking_144.jpg_0,a,always forever
837,hiking_144.jpg_0,v,Sweet Puppy
838,hiking_144.jpg_0,e,Flower Rose Brush
839,hiking_144.jpg_0,y,Sweet Puppy
840,hiking_144.jpg_0,e,always forever
841,hiking_144.jpg_0,a,always forever
842,hiking_144.jpg_0,r,Wanted M54
843,hiking_144.jpg_0,.,VertigoFLF
844,hiking_144.jpg_0,"""",Wanted M54
845,hill_131.jpg_0,S,Flower Rose Brush
846,hill_131.jpg_0,e,Wanted M54
847,hill_131.jpg_0,e,Wanted M54
848,hill_131.jpg_0,o,Skylark
849,hill_131.jpg_0,n,Flower Rose Brush
850,hill_131.jpg_0,e,Wanted M54
851,hill_131.jpg_0,d,Skylark
852,hill_131.jpg_0,o,VertigoFLF
853,hill_131.jpg_0,e,Flower Rose Brush
854,hill_131.jpg_0,s,VertigoFLF
855,hill_131.jpg_0,1,Skylark
856,hill_131.jpg_0,9,Skylark
857,hill_131.jpg_0,0,VertigoFLF
858,hill_131.jpg_0,4,Ubuntu Mono
859,hill_131.jpg_0,1,Flower Rose Brush
860,hill_131.jpg_0,-,Wanted M54
861,hill_131.jpg_0,1,VertigoFLF
862,hill_131.jpg_0,3,Flower Rose Brush
863,hill_131.jpg_0,9,Sweet Puppy
864,hill_131.jpg_0,2,Flower Rose Brush
865,hill_131.jpg_0,W,Flower Rose Brush
866,hill_131.jpg_0,e,Flower Rose Brush
867,hill_131.jpg_0,s,Flower Rose Brush
868,hill_131.jpg_0,t,Skylark
869,hill_131.jpg_0,e,Flower Rose Brush
870,hill_131.jpg_0,r,Skylark
871,hill_131.jpg_0,n,Wanted M54
872,hill_7.jpg_0,n,VertigoFLF
873,hill_7.jpg_0,e,Skylark
874,hill_7.jpg_0,w,VertigoFLF
875,hill_7.jpg_0,b,always forever
876,hill_7.jpg_0,e,Sweet Puppy
877,hill_7.jpg_0,e,always forever
878,hill_7.jpg_0,n,Wanted M54
879,hill_7.jpg_0,n,Ubuntu Mono
880,hill_7.jpg_0,1,Ubuntu Mono
881,hill_7.jpg_0,",",Flower Rose Brush
882,hill_7.jpg_0,A,always forever
883,hill_7.jpg_0,n,Sweet Puppy
884,hill_7.jpg_0,n,Sweet Puppy
885,hill_7.jpg_0,2,Skylark
886,hill_7.jpg_0,8,Ubuntu Mono
887,hill_7.jpg_0,.,always forever
888,hill_7.jpg_0,f,always forever
889,hill_7.jpg_0,o,Skylark
890,hill_7.jpg_0,r,Ubuntu Mono
891,hubble_133.jpg_0,t,Wanted M54
892,hubble_133.jpg_0,h,VertigoFLF
893,hubble_133.jpg_0,e,Wanted M54
894,hubble_133.jpg_0,i,Sweet Puppy
895,hubble_133.jpg_0,s,Ubuntu Mono
896,hubble_133.jpg_0,.,Sweet Puppy
897,hubble_133.jpg_0,w,VertigoFLF
898,hubble_133.jpg_0,o,Wanted M54
899,hubble_133.jpg_0,u,Ubuntu Mono
900,hubble_133.jpg_0,l,always forever
901,hubble_133.jpg_0,d,VertigoFLF
902,hubble_133.jpg_0,m,Flower Rose Brush
903,hubble_133.jpg_0,e,Skylark
904,hubble_133.jpg_0,.,always forever
905,hubble_133.jpg_0,w,Wanted M54
906,hubble_133.jpg_0,a,Wanted M54
907,hubble_133.jpg_0,s,Skylark
908,hubble_133.jpg_0,t,always forever
909,hubble_133.jpg_0,h,Wanted M54
910,hubble_133.jpg_0,e,Ubuntu Mono
911,hubble_133.jpg_0,s,Wanted M54
912,hubble_133.jpg_0,t,Skylark
913,hubble_133.jpg_0,a,always forever
914,hubble_133.jpg_0,r,Flower Rose Brush
915,hubble_133.jpg_0,t,always forever
916,hubble_133.jpg_0,I,Wanted M54
917,hubble_133.jpg_0,',VertigoFLF
918,hubble_133.jpg_0,m,Wanted M54
919,hubble_135.jpg_0,A,always forever
920,hubble_135.jpg_0,D,Skylark
921,hubble_135.jpg_0,L,always forever
922,hubble_135.jpg_0,M,Flower Rose Brush
923,hubble_135.jpg_0,U,Skylark
924,hubble_135.jpg_0,C,Sweet Puppy
925,hubble_135.jpg_0,H,Flower Rose Brush
926,hubble_135.jpg_0,F,Sweet Puppy
927,hubble_135.jpg_0,o,Skylark
928,hubble_135.jpg_0,r,always forever
929,hubble_135.jpg_0,1,always forever
930,hubble_135.jpg_0,9,VertigoFLF
931,hubble_135.jpg_0,9,Sweet Puppy
932,hubble_135.jpg_0,3,VertigoFLF
933,indian+musicians_104.jpg_0,a,always forever
934,indian+musicians_104.jpg_0,n,always forever
935,indian+musicians_104.jpg_0,d,Skylark
936,indian+musicians_104.jpg_0,>,Wanted M54
937,indian+musicians_104.jpg_0,i,Flower Rose Brush
938,indian+musicians_104.jpg_0,f,Skylark
939,indian+musicians_104.jpg_0,p,Ubuntu Mono
940,indian+musicians_104.jpg_0,a,Ubuntu Mono
941,indian+musicians_104.jpg_0,t,VertigoFLF
942,indian+musicians_104.jpg_0,a,Sweet Puppy
943,indian+musicians_104.jpg_0,n,Wanted M54
944,indian+musicians_104.jpg_0,y,Ubuntu Mono
945,indian+musicians_104.jpg_0,Y,Wanted M54
946,indian+musicians_104.jpg_0,o,Sweet Puppy
947,indian+musicians_104.jpg_0,u,always forever
948,indian+musicians_104.jpg_0,c,Sweet Puppy
949,indian+musicians_104.jpg_0,a,Sweet Puppy
950,indian+musicians_104.jpg_0,n,Sweet Puppy
951,indian+musicians_104.jpg_0,',Flower Rose Brush
952,indian+musicians_104.jpg_0,t,always forever
953,indian+musicians_104.jpg_0,d,Flower Rose Brush
954,indian+musicians_104.jpg_0,e,Flower Rose Brush
955,indian+musicians_104.jpg_0,b,Sweet Puppy
956,indian+musicians_104.jpg_0,t,Flower Rose Brush
957,indian+musicians_104.jpg_0,c,Skylark
958,indian+musicians_104.jpg_0,o,always forever
959,indian+musicians_104.jpg_0,l,Skylark
960,indian+musicians_104.jpg_0,o,Sweet Puppy
961,indian+musicians_104.jpg_0,r,Wanted M54
962,indian+musicians_104.jpg_0,(,VertigoFLF
963,indian+musicians_104.jpg_0,A,Sweet Puppy
964,indian+musicians_104.jpg_0,l,Flower Rose Brush
965,indian+musicians_104.jpg_0,a,Wanted M54
966,indian+musicians_104.jpg_0,n,always forever
967,indian+musicians_104.jpg_0,1,Ubuntu Mono
968,indian+musicians_104.jpg_0,-,Skylark
969,indian+musicians_104.jpg_0,0,always forever
970,indian+musicians_104.jpg_0,t,Skylark
971,indian+musicians_104.jpg_0,h,Sweet Puppy
972,indian+musicians_104.jpg_0,e,Skylark
973,indian+musicians_104.jpg_0,r,Sweet Puppy
974,indian+musicians_104.jpg_0,e,Wanted M54
975,indian+musicians_104.jpg_0,y,always forever
976,indian+musicians_104.jpg_0,o,VertigoFLF
977,indian+musicians_104.jpg_0,u,Skylark
978,jaipur_20.jpg_0,T,Ubuntu Mono
979,jaipur_20.jpg_0,h,Sweet Puppy
980,jaipur_20.jpg_0,a,Sweet Puppy
981,jaipur_20.jpg_0,t,Wanted M54
982,jaipur_20.jpg_0,',VertigoFLF
983,jaipur_20.jpg_0,s,always forever
984,jaipur_20.jpg_0,a,always forever
985,jaipur_20.jpg_0,n,always forever
986,jaipur_20.jpg_0,d,Wanted M54
987,jaipur_20.jpg_0,6,VertigoFLF
988,jaipur_20.jpg_0,6,Skylark
989,jaipur_20.jpg_0,3,VertigoFLF
990,jaipur_20.jpg_0,(,always forever
991,jaipur_20.jpg_0,T,Skylark
992,jaipur_20.jpg_0,o,Skylark
993,jaipur_20.jpg_0,m,Sweet Puppy
994,jaipur_20.jpg_0,c,VertigoFLF
995,jaipur_20.jpg_0,o,VertigoFLF
996,jaipur_20.jpg_0,n,VertigoFLF
997,jaipur_20.jpg_0,t,Flower Rose Brush
998,jaipur_20.jpg_0,r,Flower Rose Brush
999,jaipur_20.jpg_0,o,Flower Rose Brush
1000,jaipur_20.jpg_0,l,always forever
1001,jaipur_20.jpg_0,f,Wanted M54
1002,jaipur_20.jpg_0,o,Flower Rose Brush
1003,jaipur_20.jpg_0,r,Ubuntu Mono
1004,jaipur_20.jpg_0,g,Wanted M54
1005,jaipur_20.jpg_0,e,Sweet Puppy
1006,jaipur_20.jpg_0,t,Skylark
1007,jaipur_20.jpg_0,t,always forever
1008,jaipur_20.jpg_0,h,Flower Rose Brush
1009,jaipur_20.jpg_0,e,always forever
1010,jaipur_20.jpg_0,o,always forever
1011,jaipur_20.jpg_0,n,Ubuntu Mono
1012,jaipur_20.jpg_0,c,VertigoFLF
1013,jaipur_20.jpg_0,e,Flower Rose Brush
1014,jaipur_20.jpg_0,y,VertigoFLF
1015,jaipur_20.jpg_0,o,Sweet Puppy
1016,jaipur_20.jpg_0,u,Skylark
1017,jaipur_20.jpg_0,!,Ubuntu Mono
1018,jaipur_20.jpg_0,(,Sweet Puppy
1019,jaipur_20.jpg_0,A,always forever
1020,jaipur_20.jpg_0,a,Flower Rose Brush
1021,jaipur_20.jpg_0,r,VertigoFLF
1022,jaipur_20.jpg_0,o,Skylark
1023,jaipur_20.jpg_0,n,VertigoFLF
1024,jaipur_20.jpg_0,w,Ubuntu Mono
1025,jaipur_20.jpg_0,e,Wanted M54
1026,jaipur_20.jpg_0,l,Ubuntu Mono
1027,jaipur_20.jpg_0,l,VertigoFLF
1028,jaipur_20.jpg_0,u,Ubuntu Mono
1029,jaipur_20.jpg_0,s,Flower Rose Brush
1030,jaipur_20.jpg_0,e,Flower Rose Brush
1031,jaipur_20.jpg_0,.,VertigoFLF
1032,jaipur_20.jpg_0,1,Wanted M54
1033,jaipur_20.jpg_0,3,Sweet Puppy
1034,jaipur_20.jpg_0,0,always forever
1035,jaipur_20.jpg_0,U,Skylark
1036,jaipur_20.jpg_0,M,Skylark
1037,jaipur_20.jpg_0,C,always forever
1038,jaipur_20.jpg_0,C,Wanted M54
1039,jaipur_20.jpg_0,",",Flower Rose Brush
1040,jaipur_20.jpg_0,f,Ubuntu Mono
1041,jaipur_20.jpg_0,o,Skylark
1042,jaipur_20.jpg_0,r,Sweet Puppy
1043,jaipur_20.jpg_0,7,Flower Rose Brush
1044,jaipur_20.jpg_0,M,Skylark
1045,jaipur_20.jpg_0,P,Wanted M54
1046,jaipur_20.jpg_0,^,Wanted M54
1047,jaipur_20.jpg_0,t,Ubuntu Mono
1048,jaipur_20.jpg_0,h,VertigoFLF
1049,jaipur_20.jpg_0,e,always forever
1050,jogging_96.jpg_0,w,Wanted M54
1051,jogging_96.jpg_0,a,Sweet Puppy
1052,jogging_96.jpg_0,s,VertigoFLF
1053,jogging_96.jpg_0,s,Ubuntu Mono
1054,jogging_96.jpg_0,e,always forever
1055,jogging_96.jpg_0,e,Ubuntu Mono
1056,jogging_96.jpg_0,m,always forever
1057,jogging_96.jpg_0,s,Sweet Puppy
1058,jogging_96.jpg_0,L,Ubuntu Mono
1059,jogging_96.jpg_0,i,Wanted M54
1060,jogging_96.jpg_0,n,Skylark
1061,jogging_96.jpg_0,e,Ubuntu Mono
1062,jogging_96.jpg_0,s,Wanted M54
1063,jogging_96.jpg_0,:,VertigoFLF
1064,jogging_96.jpg_0,t,Sweet Puppy
1065,jogging_96.jpg_0,h,Sweet Puppy
1066,jogging_96.jpg_0,e,Ubuntu Mono
1067,kathak_101.jpg_0,A,Ubuntu Mono
1068,kathak_101.jpg_0,p,VertigoFLF
1069,kathak_101.jpg_0,r,Ubuntu Mono
1070,kathak_18.jpg_0,C,Ubuntu Mono
1071,kathak_18.jpg_0,a,Ubuntu Mono
1072,kathak_18.jpg_0,n,VertigoFLF
1073,kathak_18.jpg_0,',VertigoFLF
1074,kathak_18.jpg_0,t,VertigoFLF
1075,kathak_18.jpg_0,w,Skylark
1076,kathak_18.jpg_0,i,Sweet Puppy
1077,kathak_18.jpg_0,t,VertigoFLF
1078,kathak_18.jpg_0,h,Wanted M54
1079,kathak_18.jpg_0,c,Ubuntu Mono
1080,kathak_18.jpg_0,a,Skylark
1081,kathak_18.jpg_0,n,Wanted M54
1082,kathak_18.jpg_0,l,Sweet Puppy
1083,kathak_18.jpg_0,e,Skylark
1084,kathak_18.jpg_0,n,VertigoFLF
1085,kathak_18.jpg_0,s,VertigoFLF
1086,kathak_18.jpg_0,q,always forever
1087,kathak_18.jpg_0,u,Ubuntu Mono
1088,kathak_18.jpg_0,i,always forever
1089,kathak_18.jpg_0,c,Wanted M54
1090,kathak_18.jpg_0,k,always forever
1091,kathak_18.jpg_0,T,VertigoFLF
1092,kathak_18.jpg_0,o,VertigoFLF
1093,kathak_18.jpg_0,m,always forever
1094,kathak_18.jpg_0,L,Ubuntu Mono
1095,kathak_18.jpg_0,i,always forever
1096,kathak_18.jpg_0,n,Skylark
1097,kathak_18.jpg_0,e,always forever
1098,kathak_18.jpg_0,s,always forever
1099,kathak_18.jpg_0,:,Flower Rose Brush
1100,kathak_18.jpg_0,v,always forever
1101,kathak_18.jpg_0,i,Skylark
1102,kathak_18.jpg_0,a,Sweet Puppy
1103,kerala_108.jpg_0,N,Ubuntu Mono
1104,kerala_108.jpg_0,e,always forever
1105,kerala_108.jpg_0,w,Wanted M54
1106,kerala_108.jpg_0,s,Sweet Puppy
1107,kerala_108.jpg_0,),always forever
1108,kerala_108.jpg_0,w,Sweet Puppy
1109,kerala_108.jpg_0,a,VertigoFLF
1110,kerala_108.jpg_0,s,Ubuntu Mono
1111,kerala_108.jpg_0,p,Sweet Puppy
1112,kerala_108.jpg_0,i,VertigoFLF
1113,kerala_108.jpg_0,c,Wanted M54
1114,kerala_108.jpg_0,k,VertigoFLF
1115,kerala_108.jpg_0,s,Sweet Puppy
1116,kerala_108.jpg_0,t,Flower Rose Brush
1117,kerala_108.jpg_0,h,Ubuntu Mono
1118,kerala_108.jpg_0,e,Ubuntu Mono
1119,kerala_108.jpg_0,b,Sweet Puppy
1120,kerala_108.jpg_0,u,VertigoFLF
1121,kerala_108.jpg_0,t,Sweet Puppy
1122,kerala_108.jpg_0,c,Skylark
1123,kerala_108.jpg_0,a,Flower Rose Brush
1124,kerala_108.jpg_0,s,Flower Rose Brush
1125,kerala_108.jpg_0,e,VertigoFLF
1126,kerala_108.jpg_0,p,Flower Rose Brush
1127,kerala_108.jpg_0,a,Flower Rose Brush
1128,kerala_108.jpg_0,r,always forever
1129,kerala_108.jpg_0,t,Wanted M54
1130,kerala_108.jpg_0,A,Flower Rose Brush
1131,kerala_108.jpg_0,p,Sweet Puppy
1132,kerala_108.jpg_0,r,Wanted M54
1133,kerala_108.jpg_0,i,Flower Rose Brush
1134,kerala_108.jpg_0,l,Ubuntu Mono
1135,kerala_108.jpg_0,t,Skylark
1136,kerala_108.jpg_0,h,always forever
1137,kerala_108.jpg_0,e,VertigoFLF
1138,kerala_108.jpg_0,1,Sweet Puppy
1139,kerala_108.jpg_0,4,always forever
1140,kerala_108.jpg_0,.,Wanted M54
1141,kerala_108.jpg_0,5,Skylark
1142,kerala_108.jpg_0,a,Skylark
1143,kerala_108.jpg_0,M,Skylark
1144,kerala_108.jpg_0,w,Wanted M54
1145,kerala_108.jpg_0,i,Flower Rose Brush
1146,kerala_108.jpg_0,l,always forever
1147,kerala_108.jpg_0,l,Ubuntu Mono
1148,kerala_108.jpg_0,o,Wanted M54
1149,kerala_108.jpg_0,n,Flower Rose Brush
1150,kerala_108.jpg_0,e,Ubuntu Mono
1151,kerala_85.jpg_0,f,Skylark
1152,kerala_85.jpg_0,o,Skylark
1153,kerala_85.jpg_0,r,VertigoFLF
1154,kerala_85.jpg_0,w,Ubuntu Mono
1155,kerala_85.jpg_0,h,Skylark
1156,kerala_85.jpg_0,y,always forever
1157,kerala_85.jpg_0,?,Skylark
1158,leopard_9.jpg_0,2,Ubuntu Mono
1159,leopard_9.jpg_0,7,Ubuntu Mono
1160,leopard_9.jpg_0,2,Ubuntu Mono
1161,leopard_9.jpg_0,",",VertigoFLF
1162,leopard_9.jpg_0,c,Flower Rose Brush
1163,leopard_9.jpg_0,h,Wanted M54
1164,leopard_9.jpg_0,i,Ubuntu Mono
1165,leopard_9.jpg_0,p,Skylark
1166,leopard_9.jpg_0,w,Ubuntu Mono
1167,leopard_9.jpg_0,h,Skylark
1168,leopard_9.jpg_0,e,Flower Rose Brush
1169,leopard_9.jpg_0,n,always forever
1170,leopard_9.jpg_0,W,Skylark
1171,leopard_9.jpg_0,H,Wanted M54
1172,leopard_9.jpg_0,A,Flower Rose Brush
1173,leopard_9.jpg_0,T,Flower Rose Brush
1174,leopard_9.jpg_0,h,Skylark
1175,leopard_9.jpg_0,a,Sweet Puppy
1176,leopard_9.jpg_0,v,Wanted M54
1177,leopard_9.jpg_0,e,Wanted M54
1178,maze_119.jpg_0,a,always forever
1179,maze_119.jpg_0,n,Flower Rose Brush
1180,maze_119.jpg_0,y,Ubuntu Mono
1181,maze_119.jpg_0,e,Ubuntu Mono
1182,maze_119.jpg_0,m,Skylark
1183,maze_119.jpg_0,a,VertigoFLF
1184,maze_119.jpg_0,i,VertigoFLF
1185,maze_119.jpg_0,l,Skylark
1186,maze_119.jpg_0,w,always forever
1187,maze_119.jpg_0,h,Skylark
1188,maze_119.jpg_0,o,always forever
1189,maze_119.jpg_0,B,Sweet Puppy
1190,maze_119.jpg_0,a,Skylark
1191,maze_119.jpg_0,l,VertigoFLF
1192,maze_119.jpg_0,a,Ubuntu Mono
1193,maze_119.jpg_0,B,Ubuntu Mono
1194,maze_119.jpg_0,U,always forever
1195,maze_119.jpg_0,F,Sweet Puppy
1196,maze_119.jpg_0,N,Skylark
1197,maze_119.jpg_0,e,Flower Rose Brush
1198,maze_119.jpg_0,w,VertigoFLF
1199,maze_119.jpg_0,s,Sweet Puppy
1200,maze_119.jpg_0,"""",Flower Rose Brush
1201,maze_119.jpg_0,W,Wanted M54
1202,maze_119.jpg_0,e,always forever
1203,maze_119.jpg_0,m,Wanted M54
1204,maze_119.jpg_0,a,Sweet Puppy
1205,maze_119.jpg_0,y,Ubuntu Mono
1206,maze_119.jpg_0,a,Flower Rose Brush
1207,maze_119.jpg_0,r,Sweet Puppy
1208,maze_119.jpg_0,e,Wanted M54
1209,maze_119.jpg_0,a,VertigoFLF
1210,maze_119.jpg_0,w,always forever
1211,maze_119.jpg_0,a,Flower Rose Brush
1212,maze_119.jpg_0,y,Sweet Puppy
1213,maze_119.jpg_0,.,Wanted M54
1214,maze_119.jpg_0,N,Ubuntu Mono
1215,maze_119.jpg_0,o,Sweet Puppy
1216,maze_119.jpg_0,t,Wanted M54
1217,mesh_45.jpg_0,y,Ubuntu Mono
1218,mesh_45.jpg_0,o,VertigoFLF
1219,mesh_45.jpg_0,u,Sweet Puppy
1220,mesh_96.jpg_0,f,Sweet Puppy
1221,mesh_96.jpg_0,o,Ubuntu Mono
1222,mesh_96.jpg_0,r,Sweet Puppy
1223,mesh_96.jpg_0,o,Sweet Puppy
1224,mesh_96.jpg_0,n,Skylark
1225,mesh_96.jpg_0,e,VertigoFLF
1226,mesh_96.jpg_0,n,always forever
1227,mesh_96.jpg_0,o,Sweet Puppy
1228,mesh_96.jpg_0,t,Wanted M54
1229,mesh_96.jpg_0,e,VertigoFLF
1230,mesh_96.jpg_0,s,Wanted M54
1231,mesh_96.jpg_0,c,Flower Rose Brush
1232,mesh_96.jpg_0,r,Wanted M54
1233,mesh_96.jpg_0,o,VertigoFLF
1234,mesh_96.jpg_0,w,Sweet Puppy
1235,mesh_96.jpg_0,s,Flower Rose Brush
1236,mesh_96.jpg_0,a,Flower Rose Brush
1237,mesh_96.jpg_0,w,Flower Rose Brush
1238,mesh_96.jpg_0,V,Ubuntu Mono
1239,mesh_96.jpg_0,o,VertigoFLF
1240,mesh_96.jpg_0,l,always forever
1241,mesh_96.jpg_0,u,Wanted M54
1242,mesh_96.jpg_0,m,Ubuntu Mono
1243,mesh_96.jpg_0,e,always forever
1244,mesh_96.jpg_0,t,VertigoFLF
1245,mesh_96.jpg_0,h,Sweet Puppy
1246,mesh_96.jpg_0,e,Ubuntu Mono
1247,mesh_96.jpg_0,t,Sweet Puppy
1248,mesh_96.jpg_0,h,Sweet Puppy
1249,mesh_96.jpg_0,e,always forever
1250,monuments_55.jpg_0,t,Flower Rose Brush
1251,monuments_55.jpg_0,h,VertigoFLF
1252,monuments_55.jpg_0,e,Wanted M54
1253,monuments_55.jpg_0,r,Wanted M54
1254,monuments_55.jpg_0,e,Sweet Puppy
1255,monuments_55.jpg_0,A,Skylark
1256,monuments_55.jpg_0,l,Ubuntu Mono
1257,monuments_55.jpg_0,b,VertigoFLF
1258,monuments_55.jpg_0,a,always forever
1259,monuments_55.jpg_0,n,Sweet Puppy
1260,monuments_55.jpg_0,y,VertigoFLF
1261,monuments_55.jpg_0,",",VertigoFLF
1262,monuments_55.jpg_0,h,VertigoFLF
1263,monuments_55.jpg_0,i,Skylark
1264,monuments_55.jpg_0,m,VertigoFLF
1265,monuments_55.jpg_0,N,Flower Rose Brush
1266,monuments_55.jpg_0,o,Flower Rose Brush
1267,monuments_55.jpg_0,l,Wanted M54
1268,monuments_55.jpg_0,a,VertigoFLF
1269,monuments_55.jpg_0,n,VertigoFLF
1270,monuments_55.jpg_0,),Flower Rose Brush
1271,monuments_55.jpg_0,n,Ubuntu Mono
1272,monuments_55.jpg_0,o,always forever
1273,monuments_55.jpg_0,t,Sweet Puppy
1274,monuments_55.jpg_0,Z,Skylark
1275,monuments_55.jpg_0,i,Skylark
1276,monuments_55.jpg_0,a,Wanted M54
1277,monuments_55.jpg_0,.,VertigoFLF
1278,monuments_55.jpg_0,w,VertigoFLF
1279,monuments_55.jpg_0,a,Sweet Puppy
1280,monuments_55.jpg_0,l,Ubuntu Mono
1281,monuments_55.jpg_0,k,Sweet Puppy
1282,monuments_55.jpg_0,t,Sweet Puppy
1283,monuments_55.jpg_0,o,Skylark
1284,monuments_55.jpg_0,w,Ubuntu Mono
1285,monuments_55.jpg_0,n,Ubuntu Mono
1286,monuments_55.jpg_0,9,Flower Rose Brush
1287,monuments_55.jpg_0,5,Ubuntu Mono
1288,monuments_55.jpg_0,%,Flower Rose Brush
1289,monuments_55.jpg_0,b,Ubuntu Mono
1290,monuments_55.jpg_0,e,Ubuntu Mono
1291,monuments_55.jpg_0,l,Ubuntu Mono
1292,monuments_55.jpg_0,l,always forever
1293,monuments_55.jpg_0,s,Sweet Puppy
1294,monuments_55.jpg_0,e,always forever
1295,monuments_55.jpg_0,e,Sweet Puppy
1296,monuments_55.jpg_0,y,always forever
1297,monuments_55.jpg_0,o,Wanted M54
1298,monuments_55.jpg_0,u,Flower Rose Brush
1299,monuments_55.jpg_0,a,always forever
1300,monuments_55.jpg_0,r,always forever
1301,monuments_55.jpg_0,e,Sweet Puppy
1302,newton_134.jpg_0,f,VertigoFLF
1303,newton_134.jpg_0,a,VertigoFLF
1304,newton_134.jpg_0,c,Flower Rose Brush
1305,newton_134.jpg_0,t,Flower Rose Brush
1306,newton_134.jpg_0,A,Flower Rose Brush
1307,newton_134.jpg_0,p,VertigoFLF
1308,newton_134.jpg_0,r,Ubuntu Mono
1309,newton_134.jpg_0,b,Wanted M54
1310,newton_134.jpg_0,o,Skylark
1311,newton_134.jpg_0,t,always forever
1312,newton_134.jpg_0,h,Ubuntu Mono
1313,newton_134.jpg_0,a,VertigoFLF
1314,newton_134.jpg_0,n,Wanted M54
1315,newton_134.jpg_0,y,VertigoFLF
1316,newton_134.jpg_0,F,Flower Rose Brush
1317,newton_134.jpg_0,r,Skylark
1318,newton_134.jpg_0,o,VertigoFLF
1319,newton_134.jpg_0,m,Wanted M54
1320,newton_134.jpg_0,:,always forever
1321,newton_134.jpg_0,r,Flower Rose Brush
1322,newton_134.jpg_0,e,Flower Rose Brush
1323,newton_134.jpg_0,u,Flower Rose Brush
1324,newton_134.jpg_0,s,Skylark
1325,newton_134.jpg_0,a,VertigoFLF
1326,newton_134.jpg_0,b,Sweet Puppy
1327,newton_134.jpg_0,l,always forever
1328,newton_134.jpg_0,e,Sweet Puppy
1329,newton_134.jpg_0,B,Flower Rose Brush
1330,newton_134.jpg_0,e,Ubuntu Mono
1331,newton_134.jpg_0,l,VertigoFLF
1332,newton_134.jpg_0,l,always forever
1333,newton_134.jpg_0,H,Skylark
1334,newton_134.jpg_0,i,always forever
1335,newton_134.jpg_0,",",VertigoFLF
1336,newton_134.jpg_0,w,VertigoFLF
1337,newton_134.jpg_0,o,Sweet Puppy
1338,newton_134.jpg_0,r,always forever
1339,newton_134.jpg_0,l,Sweet Puppy
1340,newton_134.jpg_0,d,Ubuntu Mono
1341,newton_134.jpg_0,s,always forever
1342,newton_134.jpg_0,o,always forever
1343,newton_134.jpg_0,m,Flower Rose Brush
1344,newton_134.jpg_0,e,VertigoFLF
1345,newton_134.jpg_0,Y,VertigoFLF
1346,newton_134.jpg_0,o,Sweet Puppy
1347,newton_134.jpg_0,u,Skylark
1348,newton_134.jpg_0,n,always forever
1349,newton_134.jpg_0,o,Skylark
1350,newton_134.jpg_0,t,Flower Rose Brush
1351,nile_11.jpg_0,l,VertigoFLF
1352,nile_11.jpg_0,i,Skylark
1353,nile_11.jpg_0,k,Wanted M54
1354,nile_11.jpg_0,e,Skylark
1355,nile_11.jpg_0,9,Skylark
1356,nile_11.jpg_0,.,Wanted M54
1357,nile_11.jpg_0,3,Skylark
1358,nile_11.jpg_0,y,Ubuntu Mono
1359,nile_11.jpg_0,o,Skylark
1360,nile_11.jpg_0,u,Skylark
1361,nile_11.jpg_0,r,Sweet Puppy
1362,nile_11.jpg_0,u,always forever
1363,nile_11.jpg_0,n,always forever
1364,nile_11.jpg_0,f,Flower Rose Brush
1365,nile_11.jpg_0,o,Ubuntu Mono
1366,nile_11.jpg_0,r,Ubuntu Mono
1367,nile_11.jpg_0,f,Skylark
1368,nile_11.jpg_0,o,Ubuntu Mono
1369,nile_11.jpg_0,r,Wanted M54
1370,nile_11.jpg_0,R,always forever
1371,nile_11.jpg_0,e,Sweet Puppy
1372,nile_11.jpg_0,:,Skylark
1373,nile_11.jpg_0,b,always forever
1374,nile_11.jpg_0,u,Sweet Puppy
1375,nile_11.jpg_0,g,Ubuntu Mono
1376,nile_11.jpg_0,0,always forever
1377,nile_11.jpg_0,2,Flower Rose Brush
1378,nile_11.jpg_0,:,Sweet Puppy
1379,nile_11.jpg_0,4,always forever
1380,nile_11.jpg_0,1,Sweet Puppy
1381,nile_11.jpg_0,:,Wanted M54
1382,nile_11.jpg_0,2,VertigoFLF
1383,nile_11.jpg_0,8,VertigoFLF
1384,oxford_2.jpg_0,N,Wanted M54
1385,oxford_2.jpg_0,o,Wanted M54
1386,oxford_2.jpg_0,w,Wanted M54
1387,oxford_2.jpg_0,",",Skylark
1388,oxford_2.jpg_0,t,Ubuntu Mono
1389,oxford_2.jpg_0,h,Sweet Puppy
1390,oxford_2.jpg_0,e,Flower Rose Brush
1391,oxford_2.jpg_0,t,Ubuntu Mono
1392,oxford_2.jpg_0,h,Flower Rose Brush
1393,oxford_2.jpg_0,e,Sweet Puppy
1394,person_89.jpg_0,t,Flower Rose Brush
1395,person_89.jpg_0,h,Wanted M54
1396,person_89.jpg_0,e,VertigoFLF
1397,person_89.jpg_0,T,Ubuntu Mono
1398,person_89.jpg_0,h,Skylark
1399,person_89.jpg_0,e,Ubuntu Mono
1400,person_89.jpg_0,>,Flower Rose Brush
1401,person_89.jpg_0,A,always forever
1402,person_89.jpg_0,m,Skylark
1403,person_89.jpg_0,e,always forever
1404,person_89.jpg_0,r,always forever
1405,person_89.jpg_0,i,always forever
1406,person_89.jpg_0,c,Sweet Puppy
1407,person_89.jpg_0,a,Skylark
1408,person_89.jpg_0,n,VertigoFLF
1409,person_89.jpg_0,s,Flower Rose Brush
1410,person_89.jpg_0,:,always forever
1411,person_89.jpg_0,t,Skylark
1412,person_89.jpg_0,h,Ubuntu Mono
1413,person_89.jpg_0,e,always forever
1414,person_89.jpg_0,t,Sweet Puppy
1415,person_89.jpg_0,h,always forever
1416,person_89.jpg_0,e,Flower Rose Brush
1417,person_89.jpg_0,r,Sweet Puppy
1418,person_89.jpg_0,e,Flower Rose Brush
1419,person_89.jpg_0,f,always forever
1420,person_89.jpg_0,o,Sweet Puppy
1421,person_89.jpg_0,r,Sweet Puppy
1422,places_129.jpg_0,u,always forever
1423,places_129.jpg_0,s,Wanted M54
1424,places_129.jpg_0,a,Sweet Puppy
1425,places_129.jpg_0,p,Sweet Puppy
1426,places_129.jpg_0,o,VertigoFLF
1427,places_129.jpg_0,i,VertigoFLF
1428,places_129.jpg_0,n,Wanted M54
1429,places_129.jpg_0,t,always forever
1430,places_129.jpg_0,a,Sweet Puppy
1431,places_129.jpg_0,n,Wanted M54
1432,places_129.jpg_0,d,VertigoFLF
1433,places_129.jpg_0,m,Ubuntu Mono
1434,places_129.jpg_0,o,Wanted M54
1435,places_129.jpg_0,m,Ubuntu Mono
1436,places_129.jpg_0,t,Wanted M54
1437,places_129.jpg_0,h,Skylark
1438,places_129.jpg_0,e,always forever
1439,places_129.jpg_0,m,Sweet Puppy
1440,places_129.jpg_0,a,VertigoFLF
1441,places_129.jpg_0,y,always forever
1442,places_129.jpg_0,a,Flower Rose Brush
1443,places_129.jpg_0,n,always forever
1444,places_129.jpg_0,d,Sweet Puppy
1445,places_129.jpg_0,1,always forever
1446,places_129.jpg_0,9,VertigoFLF
1447,places_129.jpg_0,9,Sweet Puppy
1448,places_129.jpg_0,3,Sweet Puppy
1449,places_129.jpg_0,t,Ubuntu Mono
1450,places_129.jpg_0,o,Flower Rose Brush
1451,places_129.jpg_0,.,Sweet Puppy
1452,places_129.jpg_0,m,Wanted M54
1453,places_129.jpg_0,a,Wanted M54
1454,places_129.jpg_0,n,Wanted M54
1455,places_129.jpg_0,y,Sweet Puppy
1456,places_129.jpg_0,r,Sweet Puppy
1457,places_129.jpg_0,e,Skylark
1458,places_129.jpg_0,:,Skylark
1459,places_129.jpg_0,"""",always forever
1460,places_129.jpg_0,n,Wanted M54
1461,places_129.jpg_0,o,Wanted M54
1462,places_129.jpg_0,t,Sweet Puppy
1463,places_80.jpg_0,t,Skylark
1464,places_80.jpg_0,h,VertigoFLF
1465,places_80.jpg_0,e,Wanted M54
1466,places_80.jpg_0,a,VertigoFLF
1467,places_80.jpg_0,s,Skylark
1468,places_80.jpg_0,h,VertigoFLF
1469,places_80.jpg_0,e,Flower Rose Brush
1470,places_80.jpg_0,s,Ubuntu Mono
1471,places_80.jpg_0,R,Skylark
1472,places_80.jpg_0,e,Sweet Puppy
1473,places_80.jpg_0,f,VertigoFLF
1474,places_80.jpg_0,e,always forever
1475,places_80.jpg_0,r,Ubuntu Mono
1476,places_80.jpg_0,e,Ubuntu Mono
1477,places_80.jpg_0,n,Sweet Puppy
1478,places_80.jpg_0,c,VertigoFLF
1479,places_80.jpg_0,e,Sweet Puppy
1480,places_80.jpg_0,s,Sweet Puppy
1481,places_80.jpg_0,:,Flower Rose Brush
1482,places_80.jpg_0,m,Ubuntu Mono
1483,places_80.jpg_0,u,Wanted M54
1484,places_80.jpg_0,s,VertigoFLF
1485,places_80.jpg_0,t,VertigoFLF
1486,places_80.jpg_0,P,Flower Rose Brush
1487,places_80.jpg_0,u,Ubuntu Mono
1488,places_80.jpg_0,n,Sweet Puppy
1489,places_80.jpg_0,k,Flower Rose Brush
1490,places_80.jpg_0,e,VertigoFLF
1491,places_80.jpg_0,e,always forever
1492,places_80.jpg_0,p,Ubuntu Mono
1493,places_80.jpg_0,m,Flower Rose Brush
1494,places_80.jpg_0,u,Wanted M54
1495,places_80.jpg_0,c,Sweet Puppy
1496,places_80.jpg_0,h,Sweet Puppy
1497,punting_128.jpeg_0,l,Skylark
1498,punting_128.jpeg_0,d,Flower Rose Brush
1499,punting_128.jpeg_0,:,Flower Rose Brush
1500,punting_128.jpeg_0,f,Sweet Puppy
1501,punting_128.jpeg_0,e,Skylark
1502,punting_128.jpeg_0,l,Skylark
1503,punting_128.jpeg_0,l,always forever
1504,punting_128.jpeg_0,w,Sweet Puppy
1505,punting_128.jpeg_0,i,Skylark
1506,punting_128.jpeg_0,l,VertigoFLF
1507,punting_128.jpeg_0,l,Skylark
1508,punting_64.jpg_0,h,VertigoFLF
1509,punting_64.jpg_0,i,Skylark
1510,punting_64.jpg_0,t,Sweet Puppy
1511,punting_64.jpg_0,w,VertigoFLF
1512,punting_64.jpg_0,h,Flower Rose Brush
1513,punting_64.jpg_0,y,Skylark
1514,punting_64.jpg_0,F,VertigoFLF
1515,punting_64.jpg_0,A,Skylark
1516,punting_64.jpg_0,Q,always forever
1517,rain_2.jpg_0,U,Ubuntu Mono
1518,rain_2.jpg_0,s,VertigoFLF
1519,rain_2.jpg_0,e,Skylark
1520,rain_2.jpg_0,n,Ubuntu Mono
1521,rain_2.jpg_0,e,Sweet Puppy
1522,rain_2.jpg_0,t,Sweet Puppy
1523,rain_2.jpg_0,p,Wanted M54
1524,rain_2.jpg_0,r,Skylark
1525,rain_2.jpg_0,o,always forever
1526,rain_2.jpg_0,g,VertigoFLF
1527,rain_2.jpg_0,r,Wanted M54
1528,rain_2.jpg_0,e,Skylark
1529,rain_2.jpg_0,s,always forever
1530,rain_2.jpg_0,s,Skylark
1531,rain_2.jpg_0,m,always forever
1532,rain_2.jpg_0,a,Sweet Puppy
1533,rain_2.jpg_0,i,always forever
1534,rain_2.jpg_0,l,Wanted M54
1535,rain_2.jpg_0,o,always forever
1536,rain_2.jpg_0,u,Wanted M54
1537,rain_2.jpg_0,t,Flower Rose Brush
1538,rain_2.jpg_0,#,Flower Rose Brush
1539,rain_2.jpg_0,d,Wanted M54
1540,rain_2.jpg_0,e,Wanted M54
1541,rain_2.jpg_0,f,Flower Rose Brush
1542,rain_2.jpg_0,i,Skylark
1543,rain_2.jpg_0,n,Skylark
1544,rain_2.jpg_0,e,Skylark
1545,rajasthan_106.jpg_0,0,Sweet Puppy
1546,rajasthan_106.jpg_0,0,Wanted M54
1547,rajasthan_106.jpg_0,9,Flower Rose Brush
1548,rajasthan_106.jpg_0,2,Wanted M54
1549,rajasthan_106.jpg_0,4,Ubuntu Mono
1550,rajasthan_106.jpg_0,x,Ubuntu Mono
1551,rajasthan_106.jpg_0,B,Skylark
1552,rajasthan_106.jpg_0,B,VertigoFLF
1553,rajasthan_106.jpg_0,S,Ubuntu Mono
1554,resort_127.jpg_0,i,always forever
1555,resort_127.jpg_0,n,always forever
1556,resort_127.jpg_0,c,Wanted M54
1557,resort_127.jpg_0,r,Skylark
1558,resort_127.jpg_0,e,Flower Rose Brush
1559,resort_127.jpg_0,a,Sweet Puppy
1560,resort_127.jpg_0,s,Wanted M54
1561,resort_127.jpg_0,e,always forever
1562,resort_127.jpg_0,.,Wanted M54
1563,resort_127.jpg_0,t,Sweet Puppy
1564,resort_127.jpg_0,h,Wanted M54
1565,resort_127.jpg_0,e,Sweet Puppy
1566,resort_127.jpg_0,t,Ubuntu Mono
1567,resort_127.jpg_0,h,Wanted M54
1568,resort_127.jpg_0,e,Skylark
1569,resort_127.jpg_0,t,Wanted M54
1570,resort_127.jpg_0,h,Skylark
1571,resort_127.jpg_0,a,VertigoFLF
1572,resort_127.jpg_0,t,Flower Rose Brush
1573,resort_127.jpg_0,T,VertigoFLF
1574,resort_127.jpg_0,h,Sweet Puppy
1575,resort_127.jpg_0,a,Skylark
1576,resort_127.jpg_0,n,Flower Rose Brush
1577,resort_127.jpg_0,k,Ubuntu Mono
1578,resort_127.jpg_0,s,Ubuntu Mono
1579,resort_127.jpg_0,",",VertigoFLF
1580,resort_127.jpg_0,a,Sweet Puppy
1581,resort_127.jpg_0,n,Ubuntu Mono
1582,resort_127.jpg_0,d,VertigoFLF
1583,resort_127.jpg_0,u,Sweet Puppy
1584,resort_127.jpg_0,s,VertigoFLF
1585,resort_127.jpg_0,e,Flower Rose Brush
1586,resort_127.jpg_0,a,Ubuntu Mono
1587,resort_127.jpg_0,t,always forever
1588,resort_127.jpg_0,t,always forever
1589,resort_127.jpg_0,a,Wanted M54
1590,resort_127.jpg_0,c,Skylark
1591,resort_127.jpg_0,k,Skylark
1592,resort_127.jpg_0,",",Wanted M54
1593,resort_127.jpg_0,N,Skylark
1594,resort_127.jpg_0,o,Skylark
1595,resort_127.jpg_0,.,Skylark
1596,resort_127.jpg_0,a,Flower Rose Brush
1597,resort_127.jpg_0,t,Ubuntu Mono
1598,resort_127.jpg_0,r,Sweet Puppy
1599,resort_127.jpg_0,o,Ubuntu Mono
1600,resort_127.jpg_0,c,Skylark
1601,resort_127.jpg_0,i,Sweet Puppy
1602,resort_127.jpg_0,t,Sweet Puppy
1603,resort_127.jpg_0,i,VertigoFLF
1604,resort_127.jpg_0,e,Ubuntu Mono
1605,resort_127.jpg_0,s,Wanted M54
1606,resort_127.jpg_0,.,Ubuntu Mono
1607,resort_24.jpg_0,#,Ubuntu Mono
1608,resort_24.jpg_0,5,Ubuntu Mono
1609,resort_24.jpg_0,5,VertigoFLF
1610,resort_24.jpg_0,0,Ubuntu Mono
1611,resort_24.jpg_0,0,Wanted M54
1612,resort_24.jpg_0,E,VertigoFLF
1613,roti_50.jpg_0,t,always forever
1614,roti_50.jpg_0,h,Wanted M54
1615,roti_50.jpg_0,e,Flower Rose Brush
1616,roti_50.jpg_0,a,Flower Rose Brush
1617,roti_50.jpg_0,r,Flower Rose Brush
1618,roti_50.jpg_0,e,Skylark
1619,roti_50.jpg_0,y,always forever
1620,roti_50.jpg_0,o,always forever
1621,roti_50.jpg_0,u,Sweet Puppy
1622,roti_50.jpg_0,h,Wanted M54
1623,roti_50.jpg_0,u,Ubuntu Mono
1624,roti_50.jpg_0,h,always forever
1625,roti_50.jpg_0,?,Wanted M54
1626,roti_50.jpg_0,N,always forever
1627,roti_50.jpg_0,O,VertigoFLF
1628,roti_50.jpg_0,T,VertigoFLF
1629,roti_50.jpg_0,E,Wanted M54
1630,roti_50.jpg_0,1,Skylark
1631,roti_50.jpg_0,9,always forever
1632,roti_50.jpg_0,9,always forever
1633,roti_50.jpg_0,3,Ubuntu Mono
1634,roti_58.jpg_0,I,VertigoFLF
1635,roti_58.jpg_0,B,Wanted M54
1636,roti_58.jpg_0,M,Wanted M54
1637,roti_58.jpg_0,B,Skylark
1638,roti_58.jpg_0,o,Sweet Puppy
1639,roti_58.jpg_0,r,always forever
1640,roti_58.jpg_0,n,Wanted M54
1641,roti_58.jpg_0,N,Flower Rose Brush
1642,roti_58.jpg_0,n,Skylark
1643,roti_58.jpg_0,t,Flower Rose Brush
1644,roti_58.jpg_0,p,Skylark
1645,roti_58.jpg_0,-,Wanted M54
1646,roti_58.jpg_0,P,Sweet Puppy
1647,roti_58.jpg_0,o,Flower Rose Brush
1648,roti_58.jpg_0,s,Ubuntu Mono
1649,roti_58.jpg_0,t,Wanted M54
1650,roti_58.jpg_0,i,Sweet Puppy
1651,roti_58.jpg_0,n,Ubuntu Mono
1652,roti_58.jpg_0,g,Skylark
1653,roti_58.jpg_0,-,always forever
1654,roti_58.jpg_0,H,Flower Rose Brush
1655,roti_58.jpg_0,o,Wanted M54
1656,roti_58.jpg_0,s,Wanted M54
1657,roti_58.jpg_0,t,Sweet Puppy
1658,roti_58.jpg_0,:,Ubuntu Mono
1659,roti_58.jpg_0,b,Wanted M54
1660,roti_58.jpg_0,e,always forever
1661,roti_58.jpg_0,e,Skylark
1662,roti_58.jpg_0,n,Ubuntu Mono
1663,roti_58.jpg_0,h,always forever
1664,roti_58.jpg_0,a,always forever
1665,roti_58.jpg_0,v,Flower Rose Brush
1666,roti_58.jpg_0,e,Skylark
1667,roti_58.jpg_0,',always forever
1668,roti_58.jpg_0,9,Wanted M54
1669,roti_58.jpg_0,1,Skylark
1670,roti_58.jpg_0,f,VertigoFLF
1671,roti_58.jpg_0,r,Flower Rose Brush
1672,roti_58.jpg_0,o,Skylark
1673,roti_58.jpg_0,m,VertigoFLF
1674,roti_58.jpg_0,b,always forever
1675,roti_58.jpg_0,i,Sweet Puppy
1676,roti_58.jpg_0,t,always forever
1677,roti_58.jpg_0,w,VertigoFLF
1678,roti_58.jpg_0,i,Skylark
1679,roti_58.jpg_0,t,Flower Rose Brush
1680,roti_58.jpg_0,h,Sweet Puppy
1681,roti_58.jpg_0,N,Ubuntu Mono
1682,roti_58.jpg_0,o,Skylark
1683,roti_58.jpg_0,t,Ubuntu Mono
1684,roti_58.jpg_0,e,Ubuntu Mono
1685,sea_129.jpg_0,W,Flower Rose Brush
1686,sea_129.jpg_0,e,always forever
1687,sea_129.jpg_0,d,Sweet Puppy
1688,sea_129.jpg_0,",",Skylark
1689,sea_129.jpg_0,t,Wanted M54
1690,sea_129.jpg_0,h,Skylark
1691,sea_129.jpg_0,e,VertigoFLF
1692,sea_129.jpg_0,g,Skylark
1693,sea_129.jpg_0,o,Ubuntu Mono
1694,sea_129.jpg_0,o,Skylark
1695,sea_129.jpg_0,d,Sweet Puppy
1696,sea_129.jpg_0,2,always forever
1697,sea_129.jpg_0,5,Flower Rose Brush
1698,sea_129.jpg_0,),Skylark
1699,silk_72.jpg_0,t,Flower Rose Brush
1700,silk_72.jpg_0,h,VertigoFLF
1701,silk_72.jpg_0,a,Sweet Puppy
1702,silk_72.jpg_0,n,Skylark
1703,silk_72.jpg_0,w,Skylark
1704,silk_72.jpg_0,i,Skylark
1705,silk_72.jpg_0,t,VertigoFLF
1706,silk_72.jpg_0,h,Skylark
1707,silk_72.jpg_0,t,Ubuntu Mono
1708,silk_72.jpg_0,h,Sweet Puppy
1709,silk_72.jpg_0,e,Flower Rose Brush
1710,silk_72.jpg_0,F,Flower Rose Brush
1711,silk_72.jpg_0,o,Sweet Puppy
1712,silk_72.jpg_0,r,Wanted M54
1713,silk_72.jpg_0,t,VertigoFLF
1714,silk_72.jpg_0,h,always forever
1715,silk_72.jpg_0,e,Ubuntu Mono
1716,silk_72.jpg_0,w,Wanted M54
1717,silk_72.jpg_0,a,always forever
1718,silk_72.jpg_0,s,always forever
1719,silk_72.jpg_0,m,always forever
1720,silk_72.jpg_0,e,Sweet Puppy
1721,silk_72.jpg_0,m,Skylark
1722,silk_72.jpg_0,o,Flower Rose Brush
1723,silk_72.jpg_0,r,Ubuntu Mono
1724,silk_72.jpg_0,y,Flower Rose Brush
1725,silk_72.jpg_0,A,VertigoFLF
1726,silk_72.jpg_0,p,VertigoFLF
1727,silk_72.jpg_0,r,Skylark
1728,silk_72.jpg_0,3,Skylark
1729,silk_72.jpg_0,-,Flower Rose Brush
1730,silk_72.jpg_0,D,Flower Rose Brush
1731,silk_72.jpg_0,t,always forever
1732,silk_72.jpg_0,h,VertigoFLF
1733,silk_72.jpg_0,e,Skylark
1734,stage_41.jpg_0,t,VertigoFLF
1735,stage_41.jpg_0,o,Skylark
1736,stage_41.jpg_0,u,Ubuntu Mono
1737,stage_41.jpg_0,g,Sweet Puppy
1738,stage_41.jpg_0,h,Skylark
1739,stage_41.jpg_0,L,Ubuntu Mono
1740,stage_41.jpg_0,i,Ubuntu Mono
1741,stage_41.jpg_0,n,Ubuntu Mono
1742,stage_41.jpg_0,e,Wanted M54
1743,stage_41.jpg_0,s,Flower Rose Brush
1744,stage_41.jpg_0,:,Ubuntu Mono
1745,stage_41.jpg_0,A,Ubuntu Mono
1746,stage_41.jpg_0,S,always forever
1747,stage_41.jpg_0,T,Flower Rose Brush
1748,stage_41.jpg_0,R,Flower Rose Brush
1749,stage_41.jpg_0,O,Ubuntu Mono
1750,stage_41.jpg_0,.,Flower Rose Brush
1751,stage_41.jpg_0,L,VertigoFLF
1752,stage_41.jpg_0,i,Ubuntu Mono
1753,stage_41.jpg_0,n,Skylark
1754,stage_41.jpg_0,e,Ubuntu Mono
1755,stage_41.jpg_0,s,VertigoFLF
1756,stage_41.jpg_0,:,VertigoFLF
1757,stage_41.jpg_0,m,Sweet Puppy
1758,stage_41.jpg_0,e,Flower Rose Brush
1759,stage_41.jpg_0,.,always forever
1760,stage_41.jpg_0,k,Skylark
1761,stage_41.jpg_0,n,Wanted M54
1762,stage_41.jpg_0,o,Skylark
1763,stage_41.jpg_0,w,Sweet Puppy
1764,stage_41.jpg_0,X,always forever
1765,stage_41.jpg_0,C,VertigoFLF
1766,stage_41.jpg_0,o,VertigoFLF
1767,stage_41.jpg_0,p,Skylark
1768,stage_41.jpg_0,y,Ubuntu Mono
1769,stage_41.jpg_0,A,Ubuntu Mono
1770,stage_41.jpg_0,r,Skylark
1771,stage_41.jpg_0,e,Flower Rose Brush
1772,stage_41.jpg_0,a,Ubuntu Mono
1773,stage_41.jpg_0,m,Skylark
1774,stage_41.jpg_0,i,VertigoFLF
1775,stage_41.jpg_0,s,VertigoFLF
1776,stage_41.jpg_0,c,Wanted M54
1777,stage_41.jpg_0,.,Skylark
1778,stage_41.jpg_0,f,Skylark
1779,stage_41.jpg_0,o,Sweet Puppy
1780,stage_41.jpg_0,r,Flower Rose Brush
1781,stage_41.jpg_0,s,Flower Rose Brush
1782,stage_41.jpg_0,a,Wanted M54
1783,stage_41.jpg_0,l,Wanted M54
1784,stage_41.jpg_0,e,VertigoFLF
1785,stage_41.jpg_0,.,always forever
1786,stage_41.jpg_0,c,Wanted M54
1787,stage_41.jpg_0,o,always forever
1788,stage_41.jpg_0,m,Skylark
1789,stage_41.jpg_0,p,Ubuntu Mono
1790,stage_41.jpg_0,u,VertigoFLF
1791,stage_41.jpg_0,t,Skylark
1792,stage_41.jpg_0,e,Wanted M54
1793,stage_41.jpg_0,r,Skylark
1794,stage_41.jpg_0,s,Skylark
1795,stage_41.jpg_0,.,Sweet Puppy
1796,stage_41.jpg_0,p,Skylark
1797,stage_41.jpg_0,c,VertigoFLF
1798,stage_41.jpg_0,-,Skylark
1799,stage_41.jpg_0,c,VertigoFLF
1800,stage_41.jpg_0,l,Wanted M54
1801,stage_41.jpg_0,o,Wanted M54
1802,stage_41.jpg_0,n,Skylark
1803,stage_41.jpg_0,e,Wanted M54
1804,stage_41.jpg_0,",",Skylark
1805,stage_41.jpg_0,m,Skylark
1806,stage_41.jpg_0,i,VertigoFLF
1807,stage_41.jpg_0,s,always forever
1808,stage_41.jpg_0,c,always forever
1809,stage_41.jpg_0,.,Flower Rose Brush
1810,stage_41.jpg_0,f,Flower Rose Brush
1811,stage_41.jpg_0,o,Sweet Puppy
1812,stage_41.jpg_0,r,Ubuntu Mono
1813,stage_41.jpg_0,s,Flower Rose Brush
1814,stage_41.jpg_0,a,Ubuntu Mono
1815,stage_41.jpg_0,l,Flower Rose Brush
1816,stage_41.jpg_0,e,always forever
1817,stage_41.jpg_0,_,Wanted M54
1818,stage_41.jpg_0,E,Sweet Puppy
1819,stage_41.jpg_0,r,Ubuntu Mono
1820,stage_41.jpg_0,i,Sweet Puppy
1821,stage_41.jpg_0,k,always forever
1822,stage_41.jpg_0,a,VertigoFLF
1823,stage_41.jpg_0,s,Ubuntu Mono
1824,stage_41.jpg_0,k,always forever
1825,study+room_104.jpg_0,A,always forever
1826,study+room_104.jpg_0,p,Sweet Puppy
1827,study+room_104.jpg_0,r,Wanted M54
1828,study+room_104.jpg_0,A,Ubuntu Mono
1829,study+room_104.jpg_0,n,always forever
1830,study+room_104.jpg_0,y,VertigoFLF
1831,study+room_104.jpg_0,C,Ubuntu Mono
1832,study+room_104.jpg_0,o,Sweet Puppy
1833,study+room_104.jpg_0,n,always forever
1834,study+room_104.jpg_0,t,Wanted M54
1835,study+room_104.jpg_0,r,Ubuntu Mono
1836,study+room_104.jpg_0,o,always forever
1837,study+room_104.jpg_0,l,VertigoFLF
1838,study+room_104.jpg_0,:,VertigoFLF
1839,study+room_104.jpg_0,t,Ubuntu Mono
1840,study+room_104.jpg_0,h,always forever
1841,study+room_104.jpg_0,e,Flower Rose Brush
1842,study+room_104.jpg_0,t,always forever
1843,study+room_104.jpg_0,h,Flower Rose Brush
1844,study+room_104.jpg_0,e,Flower Rose Brush
1845,study+room_104.jpg_0,r,always forever
1846,study+room_104.jpg_0,i,always forever
1847,study+room_104.jpg_0,g,always forever
1848,study+room_104.jpg_0,h,Sweet Puppy
1849,study+room_104.jpg_0,t,always forever
1850,swimming_34.jpg_0,p,always forever
1851,swimming_34.jpg_0,i,always forever
1852,swimming_34.jpg_0,c,Skylark
1853,swimming_34.jpg_0,k,Skylark
1854,swimming_34.jpg_0,.,VertigoFLF
1855,swimming_34.jpg_0,t,VertigoFLF
1856,swimming_34.jpg_0,h,always forever
1857,swimming_34.jpg_0,e,Flower Rose Brush
1858,swimming_34.jpg_0,(,Ubuntu Mono
1859,swimming_34.jpg_0,o,VertigoFLF
1860,swimming_34.jpg_0,r,Flower Rose Brush
1861,swimming_34.jpg_0,h,Ubuntu Mono
1862,swimming_34.jpg_0,a,Flower Rose Brush
1863,swimming_34.jpg_0,s,Sweet Puppy
1864,swimming_69.jpg_0,w,always forever
1865,swimming_69.jpg_0,o,Wanted M54
1866,swimming_69.jpg_0,u,Sweet Puppy
1867,swimming_69.jpg_0,l,Ubuntu Mono
1868,swimming_69.jpg_0,d,Wanted M54
1869,swimming_69.jpg_0,d,Wanted M54
1870,swimming_69.jpg_0,o,Ubuntu Mono
1871,swimming_69.jpg_0,n,Sweet Puppy
1872,swimming_69.jpg_0,',VertigoFLF
1873,swimming_69.jpg_0,t,Flower Rose Brush
1874,swimming_69.jpg_0,t,Flower Rose Brush
1875,swimming_69.jpg_0,h,Ubuntu Mono
1876,swimming_69.jpg_0,a,Flower Rose Brush
1877,swimming_69.jpg_0,t,Flower Rose Brush
1878,swimming_69.jpg_0,S,Ubuntu Mono
1879,swimming_69.jpg_0,w,VertigoFLF
1880,swimming_69.jpg_0,e,Wanted M54
1881,swimming_69.jpg_0,d,Skylark
1882,swimming_69.jpg_0,e,Skylark
1883,swimming_69.jpg_0,n,Wanted M54
1884,swimming_69.jpg_0,Y,Wanted M54
1885,swimming_69.jpg_0,o,Skylark
1886,swimming_69.jpg_0,u,VertigoFLF
1887,swimming_69.jpg_0,p,VertigoFLF
1888,swimming_69.jpg_0,u,Wanted M54
1889,swimming_69.jpg_0,t,Flower Rose Brush
1890,swimming_69.jpg_0,n,Skylark
1891,swimming_69.jpg_0,e,Sweet Puppy
1892,swimming_69.jpg_0,x,Sweet Puppy
1893,swimming_69.jpg_0,t,Flower Rose Brush
1894,tennis_92.jpg_0,c,Ubuntu Mono
1895,tennis_92.jpg_0,a,VertigoFLF
1896,tennis_92.jpg_0,u,Sweet Puppy
1897,tennis_92.jpg_0,s,VertigoFLF
1898,tennis_92.jpg_0,e,Flower Rose Brush
1899,tennis_92.jpg_0,a,always forever
1900,tennis_92.jpg_0,l,Sweet Puppy
1901,tennis_92.jpg_0,l,Sweet Puppy
1902,tennis_92.jpg_0,",",Sweet Puppy
1903,tennis_92.jpg_0,p,VertigoFLF
1904,tennis_92.jpg_0,a,Ubuntu Mono
1905,tennis_92.jpg_0,r,Skylark
1906,tennis_92.jpg_0,k,always forever
1907,tennis_92.jpg_0,i,Wanted M54
1908,tennis_92.jpg_0,n,Ubuntu Mono
1909,tennis_92.jpg_0,g,VertigoFLF
1910,tennis_92.jpg_0,e,Sweet Puppy
1911,tennis_92.jpg_0,c,always forever
1912,tennis_92.jpg_0,h,Flower Rose Brush
1913,tennis_92.jpg_0,t,Ubuntu Mono
1914,tennis_92.jpg_0,e,Skylark
1915,tennis_92.jpg_0,a,Wanted M54
1916,tennis_92.jpg_0,n,Sweet Puppy
1917,tennis_92.jpg_0,d,Sweet Puppy
1918,texture_31.jpg_0,d,Sweet Puppy
1919,texture_31.jpg_0,o,Flower Rose Brush
1920,texture_31.jpg_0,u,VertigoFLF
1921,texture_31.jpg_0,b,Wanted M54
1922,texture_31.jpg_0,l,Ubuntu Mono
1923,texture_31.jpg_0,e,VertigoFLF
1924,texture_31.jpg_0,-,Skylark
1925,texture_31.jpg_0,b,Flower Rose Brush
1926,texture_31.jpg_0,l,always forever
1927,texture_31.jpg_0,i,Flower Rose Brush
1928,texture_31.jpg_0,n,Ubuntu Mono
1929,texture_31.jpg_0,d,Skylark
1930,texture_31.jpg_0,w,always forever
1931,texture_31.jpg_0,e,always forever
1932,texture_31.jpg_0,r,Sweet Puppy
1933,texture_31.jpg_0,e,Sweet Puppy
1934,texture_31.jpg_0,1,Ubuntu Mono
1935,texture_31.jpg_0,1,Flower Rose Brush
1936,texture_31.jpg_0,5,Wanted M54
1937,texture_31.jpg_0,(,Wanted M54
1938,texture_31.jpg_0,S,VertigoFLF
1939,texture_31.jpg_0,a,VertigoFLF
1940,texture_31.jpg_0,i,Wanted M54
1941,texture_31.jpg_0,n,Flower Rose Brush
1942,texture_31.jpg_0,t,always forever
1943,texture_31.jpg_0,a,Sweet Puppy
1944,texture_31.jpg_0,n,Wanted M54
1945,texture_31.jpg_0,d,Wanted M54
1946,texture_31.jpg_0,s,VertigoFLF
1947,texture_31.jpg_0,a,Ubuntu Mono
1948,texture_31.jpg_0,d,Wanted M54
1949,texture_31.jpg_0,l,Skylark
1950,texture_31.jpg_0,y,Wanted M54
1951,texture_31.jpg_0,",",Flower Rose Brush
1952,texture_31.jpg_0,t,Sweet Puppy
1953,texture_31.jpg_0,h,always forever
1954,texture_31.jpg_0,a,always forever
1955,texture_31.jpg_0,t,Flower Rose Brush
1956,tree+trunk_5.jpg_0,f,Ubuntu Mono
1957,tree+trunk_5.jpg_0,a,Sweet Puppy
1958,tree+trunk_5.jpg_0,c,Flower Rose Brush
1959,tree+trunk_5.jpg_0,t,Wanted M54
1960,tree+trunk_5.jpg_0,.,always forever
1961,tree+trunk_5.jpg_0,S,Sweet Puppy
1962,tree+trunk_5.jpg_0,u,Sweet Puppy
1963,tree+trunk_5.jpg_0,n,VertigoFLF
1964,tree+trunk_5.jpg_0,B,Flower Rose Brush
1965,tree+trunk_5.jpg_0,i,Ubuntu Mono
1966,tree+trunk_5.jpg_0,t,Ubuntu Mono
1967,tree+trunk_5.jpg_0,t,Flower Rose Brush
1968,tree+trunk_5.jpg_0,h,Flower Rose Brush
1969,tree+trunk_5.jpg_0,i,Skylark
1970,tree+trunk_5.jpg_0,s,Sweet Puppy
1971,tree+trunk_5.jpg_0,k,Skylark
1972,tree+trunk_5.jpg_0,i,Skylark
1973,tree+trunk_5.jpg_0,d,Sweet Puppy
1974,tyres_136.jpg_0,L,Flower Rose Brush
1975,tyres_136.jpg_0,i,Skylark
1976,tyres_136.jpg_0,n,Flower Rose Brush
1977,tyres_136.jpg_0,e,Sweet Puppy
1978,tyres_136.jpg_0,s,Skylark
1979,tyres_136.jpg_0,:,Wanted M54
1980,tyres_136.jpg_0,A,Ubuntu Mono
1981,tyres_136.jpg_0,n,Skylark
1982,tyres_136.jpg_0,g,Flower Rose Brush
1983,tyres_136.jpg_0,e,Skylark
1984,tyres_136.jpg_0,l,VertigoFLF
1985,tyres_136.jpg_0,e,always forever
1986,tyres_136.jpg_0,s,Sweet Puppy
1987,tyres_136.jpg_0,W,Flower Rose Brush
1988,tyres_136.jpg_0,I,Ubuntu Mono
1989,tyres_136.jpg_0,P,Wanted M54
1990,tyres_136.jpg_0,",",Sweet Puppy
1991,tyres_136.jpg_0,3,Ubuntu Mono
1992,tyres_136.jpg_0,5,VertigoFLF
1993,tyres_136.jpg_0,1,Ubuntu Mono
1994,tyres_136.jpg_0,5,Skylark
1995,tyres_136.jpg_0,",",Sweet Puppy
1996,tyres_136.jpg_0,T,Wanted M54
1997,tyres_136.jpg_0,h,Flower Rose Brush
1998,tyres_136.jpg_0,a,Sweet Puppy
1999,tyres_136.jpg_0,n,Ubuntu Mono
2000,tyres_136.jpg_0,k,Ubuntu Mono
2001,tyres_136.jpg_0,s,Sweet Puppy
2002,tyres_145.jpg_0,a,Flower Rose Brush
2003,tyres_145.jpg_0,l,Sweet Puppy
2004,tyres_145.jpg_0,l,Ubuntu Mono
2005,tyres_145.jpg_0,t,Sweet Puppy
2006,tyres_145.jpg_0,h,Wanted M54
2007,tyres_145.jpg_0,e,Wanted M54
2008,tyres_145.jpg_0,l,Sweet Puppy
2009,tyres_145.jpg_0,i,VertigoFLF
2010,tyres_145.jpg_0,s,Sweet Puppy
2011,tyres_145.jpg_0,t,Ubuntu Mono
2012,tyres_145.jpg_0,:,Flower Rose Brush
2013,tyres_145.jpg_0,L,Skylark
2014,tyres_145.jpg_0,i,Sweet Puppy
2015,tyres_145.jpg_0,n,Sweet Puppy
2016,tyres_145.jpg_0,e,Skylark
2017,tyres_145.jpg_0,s,Skylark
2018,tyres_145.jpg_0,:,Skylark
2019,tyres_145.jpg_0,R,Skylark
2020,tyres_145.jpg_0,e,VertigoFLF
2021,tyres_145.jpg_0,:,VertigoFLF
2022,tyres_145.jpg_0,(,Ubuntu Mono
2023,tyres_145.jpg_0,0,Ubuntu Mono
2024,tyres_145.jpg_0,2,Ubuntu Mono
2025,tyres_145.jpg_0,0,Wanted M54
2026,tyres_145.jpg_0,9,Sweet Puppy
2027,tyres_145.jpg_0,),Flower Rose Brush
2028,village_143.jpg_0,s,Wanted M54
2029,village_143.jpg_0,c,Sweet Puppy
2030,village_143.jpg_0,i,Wanted M54
2031,village_143.jpg_0,.,always forever
2032,village_143.jpg_0,e,Skylark
2033,village_143.jpg_0,l,VertigoFLF
2034,village_143.jpg_0,e,Sweet Puppy
2035,village_143.jpg_0,c,Sweet Puppy
2036,village_143.jpg_0,t,Ubuntu Mono
2037,village_143.jpg_0,r,Skylark
2038,village_143.jpg_0,o,VertigoFLF
2039,village_143.jpg_0,n,VertigoFLF
2040,village_143.jpg_0,i,Ubuntu Mono
2041,village_143.jpg_0,c,always forever
2042,village_143.jpg_0,s,Skylark
2043,village_143.jpg_0,C,Sweet Puppy
2044,village_143.jpg_0,a,always forever
2045,village_143.jpg_0,r,Ubuntu Mono
2046,village_143.jpg_0,e,Skylark
2047,village_143.jpg_0,Z,Flower Rose Brush
2048,village_143.jpg_0,i,Sweet Puppy
2049,village_143.jpg_0,o,Wanted M54
2050,village_143.jpg_0,n,Wanted M54
2051,village_143.jpg_0,i,Sweet Puppy
2052,village_143.jpg_0,s,Ubuntu Mono
2053,village_143.jpg_0,m,always forever
2054,war_144.jpg_0,o,VertigoFLF
2055,war_144.jpg_0,w,always forever
2056,war_144.jpg_0,n,Skylark
2057,war_144.jpg_0,e,Sweet Puppy
2058,war_144.jpg_0,r,Flower Rose Brush
2059,war_144.jpg_0,),Flower Rose Brush
2060,war_144.jpg_0,y,Flower Rose Brush
2061,war_144.jpg_0,o,always forever
2062,war_144.jpg_0,u,Sweet Puppy
2063,war_144.jpg_0,N,Wanted M54
2064,war_144.jpg_0,Y,Ubuntu Mono
2065,war_144.jpg_0,I,VertigoFLF
2066,war_144.jpg_0,d,Flower Rose Brush
2067,war_144.jpg_0,r,Flower Rose Brush
2068,war_144.jpg_0,i,Flower Rose Brush
2069,war_144.jpg_0,v,Flower Rose Brush
2070,war_144.jpg_0,e,Skylark
2071,war_144.jpg_0,r,Sweet Puppy
2072,war_144.jpg_0,s,Skylark
2073,war_144.jpg_0,u,Ubuntu Mono
2074,war_144.jpg_0,r,Wanted M54
2075,war_144.jpg_0,e,VertigoFLF
2076,woollens_128.jpg_0,P,Skylark
2077,woollens_128.jpg_0,u,VertigoFLF
2078,woollens_128.jpg_0,b,Sweet Puppy
2079,woollens_128.jpg_0,l,Flower Rose Brush
2080,woollens_128.jpg_0,i,Flower Rose Brush
2081,woollens_128.jpg_0,c,always forever
2082,woollens_128.jpg_0,T,Flower Rose Brush
2083,woollens_128.jpg_0,h,Sweet Puppy
2084,woollens_128.jpg_0,u,Skylark
2085,woollens_128.jpg_0,s,Wanted M54
2086,woollens_128.jpg_0,",",VertigoFLF
2087,woollens_128.jpg_0,o,Sweet Puppy
2088,woollens_128.jpg_0,u,Flower Rose Brush
2089,woollens_128.jpg_0,t,Ubuntu Mono
2090,woollens_128.jpg_0,.,always forever
2091,woollens_128.jpg_0,T,VertigoFLF
2092,woollens_128.jpg_0,w,Ubuntu Mono
2093,woollens_128.jpg_0,o,Wanted M54
2094,woollens_128.jpg_0,F,always forever
2095,woollens_128.jpg_0,O,Wanted M54
2096,woollens_128.jpg_0,R,Sweet Puppy
2097,woollens_128.jpg_0,l,Ubuntu Mono
2098,woollens_128.jpg_0,a,Sweet Puppy
2099,woollens_128.jpg_0,b,Sweet Puppy
2100,woollens_128.jpg_0,"""",Wanted M54
2101,woollens_128.jpg_0,h,Skylark
2102,woollens_128.jpg_0,e,Skylark
2103,woollens_128.jpg_0,a,Skylark
2104,woollens_128.jpg_0,r,VertigoFLF
2105,woollens_128.jpg_0,d,Skylark
2106,woollens_128.jpg_0,i,Sweet Puppy
2107,woollens_128.jpg_0,t,Wanted M54
2108,woollens_128.jpg_0,.,Skylark
2109,woollens_128.jpg_0,>,Flower Rose Brush
2110,woollens_128.jpg_0,s,Skylark
2111,woollens_128.jpg_0,c,VertigoFLF
2112,woollens_128.jpg_0,a,Ubuntu Mono
2113,woollens_128.jpg_0,n,always forever
2114,woollens_128.jpg_0,.,always forever
2115,woollens_128.jpg_0,s,always forever
2116,woollens_128.jpg_0,t,Skylark
2117,woollens_128.jpg_0,u,always forever
2118,woollens_128.jpg_0,f,Flower Rose Brush
2119,woollens_128.jpg_0,f,Flower Rose Brush
2120,woollens_72.jpg_0,a,Ubuntu Mono
2121,woollens_72.jpg_0,b,Skylark
2122,woollens_72.jpg_0,o,Skylark
2123,woollens_72.jpg_0,v,Flower Rose Brush
2124,woollens_72.jpg_0,e,always forever
2125,zebra_31.jpg_0,P,Flower Rose Brush
2126,zebra_31.jpg_0,o,Ubuntu Mono
2127,zebra_31.jpg_0,s,Flower Rose Brush
2128,zebra_31.jpg_0,t,Wanted M54
2129,zebra_31.jpg_0,e,Ubuntu Mono
2130,zebra_31.jpg_0,r,Ubuntu Mono
2131,zebra_31.jpg_0,),Skylark
2132,zebra_31.jpg_0,(,Ubuntu Mono
2133,zebra_31.jpg_0,M,Sweet Puppy
2134,zebra_31.jpg_0,a,Sweet Puppy
2135,zebra_31.jpg_0,r,Sweet Puppy
2136,zebra_31.jpg_0,k,Ubuntu Mono
2137,zebra_31.jpg_0,a,Sweet Puppy
2138,zebra_31.jpg_0,r,Sweet Puppy
2139,zebra_31.jpg_0,e,Ubuntu Mono
2140,zebra_31.jpg_0,U,Flower Rose Brush
2141,zebra_31.jpg_0,S,Sweet Puppy
2142,zebra_31.jpg_0,A,Ubuntu Mono
2143,zebra_31.jpg_0,a,VertigoFLF
2144,zebra_31.jpg_0,v,always forever
2145,zebra_31.jpg_0,e,Flower Rose Brush
2146,zebra_31.jpg_0,r,VertigoFLF
2147,zebra_31.jpg_0,e,Ubuntu Mono
2148,zebra_31.jpg_0,q,Ubuntu Mono
2149,zebra_31.jpg_0,u,always forever
2150,zebra_31.jpg_0,e,always forever
2151,zebra_31.jpg_0,s,Ubuntu Mono
2152,zebra_31.jpg_0,t,always forever
2153,zebra_31.jpg_0,t,Sweet Puppy
2154,zebra_31.jpg_0,h,Ubuntu Mono
2155,zebra_31.jpg_0,e,Ubuntu Mono
2156,zebra_31.jpg_0,e,Sweet Puppy
2157,zebra_31.jpg_0,m,Skylark
2158,zebra_31.jpg_0,a,Wanted M54
2159,zebra_31.jpg_0,i,Skylark
2160,zebra_31.jpg_0,l,Wanted M54
2161,zoo_30.jpg_0,t,Flower Rose Brush
2162,zoo_30.jpg_0,h,Ubuntu Mono
2163,zoo_30.jpg_0,e,Flower Rose Brush
2164,zoo_30.jpg_0,t,Ubuntu Mono
2165,zoo_30.jpg_0,h,Sweet Puppy
2166,zoo_30.jpg_0,a,Skylark
2167,zoo_30.jpg_0,t,Sweet Puppy
2168,zoo_30.jpg_0,T,Wanted M54
2169,zoo_30.jpg_0,h,Ubuntu Mono
2170,zoo_30.jpg_0,u,Wanted M54
2171,zoo_30.jpg_0,",",Ubuntu Mono
2172,zoo_30.jpg_0,3,always forever
2173,zoo_30.jpg_0,-,Skylark
2174,zoo_30.jpg_0,D,Wanted M54
2175,zoo_30.jpg_0,t,Wanted M54
2176,zoo_30.jpg_0,h,Flower Rose Brush
2177,zoo_30.jpg_0,e,Flower Rose Brush
2178,zoo_30.jpg_0,u,always forever
2179,zoo_30.jpg_0,s,VertigoFLF
2180,zoo_30.jpg_0,e,always forever
2181,zoo_30.jpg_0,d,Skylark
2182,zoo_30.jpg_0,T,VertigoFLF
2183,zoo_30.jpg_0,h,Sweet Puppy
2184,zoo_30.jpg_0,e,Sweet Puppy
2185,zoo_30.jpg_0,L,Sweet Puppy
2186,zoo_30.jpg_0,o,Flower Rose Brush
2187,zoo_30.jpg_0,w,Ubuntu Mono
2188,zoo_30.jpg_0,n,VertigoFLF
2189,zoo_30.jpg_0,e,Ubuntu Mono
2190,zoo_30.jpg_0,w,Skylark
2191,zoo_30.jpg_0,0,VertigoFLF
2192,zoo_30.jpg_0,.,Wanted M54
2193,zoo_30.jpg_0,3,always forever
2194,zoo_30.jpg_0,3,Flower Rose Brush
2195,zoo_30.jpg_0,3,VertigoFLF
